Project Name,Package Name,Type Name,Design Smell,Cause of the Smell
TeaStore-1.2.0-53c6efa,tools.descartes.teastore.entities,ImageSize,Deficient Encapsulation,The tool detected the smell in this class because the class exposes fields belonging to it with public accessibility. Following fields are declared with public accessiblity: IMAGE_SIZE_DIVIDER; width; height
TeaStore-1.2.0-53c6efa,tools.descartes.teastore.entities,ImageSizePreset,Unnecessary Abstraction,The tool detected the smell in this class because the class contains only a few data members without any method implementation, that indicates that the abstraction might not be required. Following fields are declared in this class: STD_IMAGE_SIZE; size
TeaStore-1.2.0-53c6efa,tools.descartes.teastore.entities,ImageSizePreset,Deficient Encapsulation,The tool detected the smell in this class because the class exposes fields belonging to it with public accessibility. Following fields are declared with public accessiblity: STD_IMAGE_SIZE; size
TeaStore-1.2.0-53c6efa,tools.descartes.teastore.entities,Order,Insufficient Modularization,The tool detected the smell in this class becuase the class has bloated interface (large number of public methods). Total public methods in the class: 24 public methods
TeaStore-1.2.0-53c6efa,tools.descartes.teastore.entities,InterfaceTests,Unnecessary Abstraction,The tool detected the smell in this class because the class contains only a few data members without any method implementation, that indicates that the abstraction might not be required. Following fields are declared in this class: 
TeaStore-1.2.0-53c6efa,tools.descartes.teastore.entities,InterfaceTests,Unutilized Abstraction,The tool detected the smell in this class because this class is potentially unused. (Please ignore the smell if the reported class is auto-generated and/or used to serve a specific known purpose.)
TeaStore-1.2.0-53c6efa,tools.descartes.teastore.auth.rest,AbstractStoreRestTest,Deficient Encapsulation,The tool detected the smell in this class because the class exposes fields belonging to it with public accessibility. Following fields are declared with public accessiblity: wireMockRule; storeTomcat; testWorkingDir
TeaStore-1.2.0-53c6efa,tools.descartes.teastore.auth.rest,CartTest,Imperative Abstraction,The tool detected the smell in this class because it looks like that an operation is turned into a class. This class contains only the following public method: runTest
TeaStore-1.2.0-53c6efa,tools.descartes.teastore.auth.rest,CartTest,Broken Hierarchy,The tool detected a potential instance of the smell because this type does not implement or override any method from it's supertype(s): AbstractStoreRestTest
TeaStore-1.2.0-53c6efa,tools.descartes.teastore.auth.rest,EmptyAuthStartup,Unutilized Abstraction,The tool detected the smell in this class because this class is potentially unused. (Please ignore the smell if the reported class is auto-generated and/or used to serve a specific known purpose.)
TeaStore-1.2.0-53c6efa,tools.descartes.teastore.auth.rest,LoginLogoutTest,Broken Hierarchy,The tool detected a potential instance of the smell because this type does not implement or override any method from it's supertype(s): AbstractStoreRestTest
TeaStore-1.2.0-53c6efa,tools.descartes.teastore.auth.security,ConstantKeyProvider,Unutilized Abstraction,The tool detected the smell in this class because this class is potentially unused. (Please ignore the smell if the reported class is auto-generated and/or used to serve a specific known purpose.)
TeaStore-1.2.0-53c6efa,tools.descartes.teastore.auth.security,RandomSessionIdGenerator,Unutilized Abstraction,The tool detected the smell in this class because this class is potentially unused. (Please ignore the smell if the reported class is auto-generated and/or used to serve a specific known purpose.)
TeaStore-1.2.0-53c6efa,tools.descartes.teastore.auth.startup,AuthStartup,Unutilized Abstraction,The tool detected the smell in this class because this class is potentially unused. (Please ignore the smell if the reported class is auto-generated and/or used to serve a specific known purpose.)
TeaStore-1.2.0-53c6efa,tools.descartes.teastore.image.cache,AbstractQueueCache,Rebellious Hierarchy,The tool detected the smell in this class because method(s) of this class reject the methods provided by its supertypes. The method(s) that reject the suptertype's method are: removeEntryByCachingStrategy
TeaStore-1.2.0-53c6efa,tools.descartes.teastore.image.cache,AbstractTreeCache,Broken Hierarchy,The tool detected a potential instance of the smell because this type does not implement or override any method from it's supertype(s): AbstractCache
TeaStore-1.2.0-53c6efa,tools.descartes.teastore.image.cache,AbstractTreeCache,Rebellious Hierarchy,The tool detected the smell in this class because method(s) of this class reject the methods provided by its supertypes. The method(s) that reject the suptertype's method are: createEntry
TeaStore-1.2.0-53c6efa,tools.descartes.teastore.image.cache,FirstInFirstOut,Broken Hierarchy,The tool detected a potential instance of the smell because this type does not implement or override any method from it's supertype(s): AbstractQueueCache
TeaStore-1.2.0-53c6efa,tools.descartes.teastore.image.cache,IDataCache,Deficient Encapsulation,The tool detected the smell in this class because the class exposes fields belonging to it with public accessibility. Following fields are declared with public accessiblity: STD_MAX_CACHE_SIZE
TeaStore-1.2.0-53c6efa,tools.descartes.teastore.image.cache,LastInFirstOut,Broken Hierarchy,The tool detected a potential instance of the smell because this type does not implement or override any method from it's supertype(s): AbstractQueueCache
TeaStore-1.2.0-53c6efa,tools.descartes.teastore.image.cache,LeastFrequentlyUsed,Broken Hierarchy,The tool detected a potential instance of the smell because this type does not implement or override any method from it's supertype(s): AbstractTreeCache
TeaStore-1.2.0-53c6efa,tools.descartes.teastore.image.cache,LeastRecentlyUsed,Broken Hierarchy,The tool detected a potential instance of the smell because this type does not implement or override any method from it's supertype(s): AbstractTreeCache
TeaStore-1.2.0-53c6efa,tools.descartes.teastore.image.cache,MostRecentlyUsed,Broken Hierarchy,The tool detected a potential instance of the smell because this type does not implement or override any method from it's supertype(s): AbstractTreeCache
TeaStore-1.2.0-53c6efa,tools.descartes.teastore.image.cache,RandomReplacement,Broken Hierarchy,The tool detected a potential instance of the smell because this type does not implement or override any method from it's supertype(s): AbstractQueueCache
TeaStore-1.2.0-53c6efa,tools.descartes.teastore.image.cache,AbstractCacheWrapper,Broken Hierarchy,The tool detected a potential instance of the smell because this type does not implement or override any method from it's supertype(s): AbstractCache
TeaStore-1.2.0-53c6efa,tools.descartes.teastore.image.cache,DummyEntry,Unutilized Abstraction,The tool detected the smell in this class because this class is potentially unused. (Please ignore the smell if the reported class is auto-generated and/or used to serve a specific known purpose.)
TeaStore-1.2.0-53c6efa,tools.descartes.teastore.image.cache,TestAbstractCache,Insufficient Modularization,The tool detected the smell in this class becuase the class has bloated interface (large number of public methods). Total public methods in the class: 22 public methods
TeaStore-1.2.0-53c6efa,tools.descartes.teastore.image.cache,TestFirstInFirstOut,Broken Hierarchy,The tool detected a potential instance of the smell because this type does not implement or override any method from it's supertype(s): AbstractCacheTestInit
TeaStore-1.2.0-53c6efa,tools.descartes.teastore.image.cache,TestLastInFirstOut,Broken Hierarchy,The tool detected a potential instance of the smell because this type does not implement or override any method from it's supertype(s): AbstractCacheTestInit
TeaStore-1.2.0-53c6efa,tools.descartes.teastore.image.cache,TestLeastFrequentlyUsed,Broken Hierarchy,The tool detected a potential instance of the smell because this type does not implement or override any method from it's supertype(s): AbstractCacheTestInit
TeaStore-1.2.0-53c6efa,tools.descartes.teastore.image.cache,TestLeastRecentlyUsed,Broken Hierarchy,The tool detected a potential instance of the smell because this type does not implement or override any method from it's supertype(s): AbstractCacheTestInit
TeaStore-1.2.0-53c6efa,tools.descartes.teastore.image.cache,TestMostRecentlyUsed,Broken Hierarchy,The tool detected a potential instance of the smell because this type does not implement or override any method from it's supertype(s): AbstractCacheTestInit
TeaStore-1.2.0-53c6efa,tools.descartes.teastore.image.cache,TestRandomReplacement,Broken Hierarchy,The tool detected a potential instance of the smell because this type does not implement or override any method from it's supertype(s): AbstractCacheTestInit
TeaStore-1.2.0-53c6efa,tools.descartes.teastore.image.cache.entry,AbstractEntry,Rebellious Hierarchy,The tool detected the smell in this class because method(s) of this class reject the methods provided by its supertypes. The method(s) that reject the suptertype's method are: wasUsed
TeaStore-1.2.0-53c6efa,tools.descartes.teastore.image.cache.entry,ICacheEntry,Broken Hierarchy,The tool detected a potential instance of the smell because this type does not implement or override any method from it's supertype(s): ICachable
TeaStore-1.2.0-53c6efa,tools.descartes.teastore.image,ImageProvider,Unnecessary Abstraction,The tool detected the smell in this class because the class contains only a few data members without any method implementation, that indicates that the abstraction might not be required. Following fields are declared in this class: IMAGE_NOT_FOUND; db; storage; log
TeaStore-1.2.0-53c6efa,tools.descartes.teastore.image,ImageProvider,Deficient Encapsulation,The tool detected the smell in this class because the class exposes fields belonging to it with public accessibility. Following fields are declared with public accessiblity: IMAGE_NOT_FOUND; db; storage; log
TeaStore-1.2.0-53c6efa,tools.descartes.teastore.image,StoreImage,Deficient Encapsulation,The tool detected the smell in this class because the class exposes fields belonging to it with public accessibility. Following fields are declared with public accessiblity: STORE_IMAGE_FORMAT; STORE_IMAGE_DATA_STRING; id; data; size; log
TeaStore-1.2.0-53c6efa,tools.descartes.teastore.image,TestImageProvider,Unnecessary Abstraction,The tool detected the smell in this class because the class contains only a few data members without any method implementation, that indicates that the abstraction might not be required. Following fields are declared in this class: 
TeaStore-1.2.0-53c6efa,tools.descartes.teastore.image,TestImageProvider,Unutilized Abstraction,The tool detected the smell in this class because this class is potentially unused. (Please ignore the smell if the reported class is auto-generated and/or used to serve a specific known purpose.)
TeaStore-1.2.0-53c6efa,tools.descartes.teastore.image.rest,ImageProviderEndpoint,Unutilized Abstraction,The tool detected the smell in this class because this class is potentially unused. (Please ignore the smell if the reported class is auto-generated and/or used to serve a specific known purpose.)
TeaStore-1.2.0-53c6efa,tools.descartes.teastore.image.setup,CachingMode,Unnecessary Abstraction,The tool detected the smell in this class because the class contains only a few data members without any method implementation, that indicates that the abstraction might not be required. Following fields are declared in this class: STD_CACHING_MODE; strRepresentation
TeaStore-1.2.0-53c6efa,tools.descartes.teastore.image.setup,CachingMode,Deficient Encapsulation,The tool detected the smell in this class because the class exposes fields belonging to it with public accessibility. Following fields are declared with public accessiblity: STD_CACHING_MODE; strRepresentation
TeaStore-1.2.0-53c6efa,tools.descartes.teastore.image.setup,CachingRule,Unnecessary Abstraction,The tool detected the smell in this class because the class contains only a few data members without any method implementation, that indicates that the abstraction might not be required. Following fields are declared in this class: STD_CACHING_RULE; strRepresentation
TeaStore-1.2.0-53c6efa,tools.descartes.teastore.image.setup,CachingRule,Deficient Encapsulation,The tool detected the smell in this class because the class exposes fields belonging to it with public accessibility. Following fields are declared with public accessiblity: STD_CACHING_RULE; strRepresentation
TeaStore-1.2.0-53c6efa,tools.descartes.teastore.image.setup,CreatorFactory,Unutilized Abstraction,The tool detected the smell in this class because this class is potentially unused. (Please ignore the smell if the reported class is auto-generated and/or used to serve a specific known purpose.)
TeaStore-1.2.0-53c6efa,tools.descartes.teastore.image.setup,CreatorRunner,Unutilized Abstraction,The tool detected the smell in this class because this class is potentially unused. (Please ignore the smell if the reported class is auto-generated and/or used to serve a specific known purpose.)
TeaStore-1.2.0-53c6efa,tools.descartes.teastore.image.setup,ImageCreator,Deficient Encapsulation,The tool detected the smell in this class because the class exposes fields belonging to it with public accessibility. Following fields are declared with public accessiblity: STD_SEED; STD_NR_OF_SHAPES_PER_IMAGE; MAX_RGB; MAX_FONT_SIZE; MAX_TEXT_LENGTH; MAX_CHAR_SIZE
TeaStore-1.2.0-53c6efa,tools.descartes.teastore.image.setup,ImageIDFactory,Unnecessary Abstraction,The tool detected the smell in this class because the class contains only a few data members without any method implementation, that indicates that the abstraction might not be required. Following fields are declared in this class: nextID
TeaStore-1.2.0-53c6efa,tools.descartes.teastore.image.setup,ImageProviderStartup,Unutilized Abstraction,The tool detected the smell in this class because this class is potentially unused. (Please ignore the smell if the reported class is auto-generated and/or used to serve a specific known purpose.)
TeaStore-1.2.0-53c6efa,tools.descartes.teastore.image.setup,SetupController,Deficient Encapsulation,The tool detected the smell in this class because the class exposes fields belonging to it with public accessibility. Following fields are declared with public accessiblity: STD_WORKING_DIR; PERSISTENCE_CREATION_MAX_WAIT_TIME; PERSISTENCE_CREATION_WAIT_TIME; CREATION_THREAD_POOL_SIZE; CREATION_THREAD_POOL_WAIT; CREATION_THREAD_POOL_WAIT_PER_IMG_NR; storageRule; cachingRule; workingDir; cacheSize; storageMode; cachingMode; nrOfImagesToGenerate; nrOfImagesExisting; nrOfImagesForCategory; nrOfImagesGenerated; categoryImages; imgDB; storage; cache; imgCreationPool; log; isFinished
TeaStore-1.2.0-53c6efa,tools.descartes.teastore.image.setup,SetupController,Broken Modularization,The tool detected the smell in this class because it contains only data members without any method implementation. Following fields are declared in this class: STD_WORKING_DIR; PERSISTENCE_CREATION_MAX_WAIT_TIME; PERSISTENCE_CREATION_WAIT_TIME; CREATION_THREAD_POOL_SIZE; CREATION_THREAD_POOL_WAIT; CREATION_THREAD_POOL_WAIT_PER_IMG_NR; storageRule; cachingRule; workingDir; cacheSize; storageMode; cachingMode; nrOfImagesToGenerate; nrOfImagesExisting; nrOfImagesForCategory; nrOfImagesGenerated; categoryImages; imgDB; storage; cache; imgCreationPool; log; isFinished
TeaStore-1.2.0-53c6efa,tools.descartes.teastore.image.setup,SetupController.SetupControllerConstants,Unutilized Abstraction,The tool detected the smell in this class because this class is potentially unused. (Please ignore the smell if the reported class is auto-generated and/or used to serve a specific known purpose.)
TeaStore-1.2.0-53c6efa,tools.descartes.teastore.image.setup,SetupController.SetupControllerConstants,Deficient Encapsulation,The tool detected the smell in this class because the class exposes fields belonging to it with public accessibility. Following fields are declared with public accessiblity: STD_WORKING_DIR; PERSISTENCE_CREATION_MAX_WAIT_TIME; PERSISTENCE_CREATION_WAIT_TIME; CREATION_THREAD_POOL_SIZE; CREATION_THREAD_POOL_WAIT; CREATION_THREAD_POOL_WAIT_PER_IMG_NR
TeaStore-1.2.0-53c6efa,tools.descartes.teastore.image.setup,SetupController.SetupControllerConstants,Broken Modularization,The tool detected the smell in this class because it contains only data members without any method implementation. Following fields are declared in this class: STD_WORKING_DIR; PERSISTENCE_CREATION_MAX_WAIT_TIME; PERSISTENCE_CREATION_WAIT_TIME; CREATION_THREAD_POOL_SIZE; CREATION_THREAD_POOL_WAIT; CREATION_THREAD_POOL_WAIT_PER_IMG_NR
TeaStore-1.2.0-53c6efa,tools.descartes.teastore.image.setup,StorageMode,Unnecessary Abstraction,The tool detected the smell in this class because the class contains only a few data members without any method implementation, that indicates that the abstraction might not be required. Following fields are declared in this class: STD_STORAGE_MODE; strRepresentation
TeaStore-1.2.0-53c6efa,tools.descartes.teastore.image.setup,StorageMode,Deficient Encapsulation,The tool detected the smell in this class because the class exposes fields belonging to it with public accessibility. Following fields are declared with public accessiblity: STD_STORAGE_MODE; strRepresentation
TeaStore-1.2.0-53c6efa,tools.descartes.teastore.image.setup,StorageRule,Unnecessary Abstraction,The tool detected the smell in this class because the class contains only a few data members without any method implementation, that indicates that the abstraction might not be required. Following fields are declared in this class: STD_STORAGE_RULE; strRepresentation
TeaStore-1.2.0-53c6efa,tools.descartes.teastore.image.setup,StorageRule,Deficient Encapsulation,The tool detected the smell in this class because the class exposes fields belonging to it with public accessibility. Following fields are declared with public accessiblity: STD_STORAGE_RULE; strRepresentation
TeaStore-1.2.0-53c6efa,tools.descartes.teastore.image.storage,DriveStorage,Unutilized Abstraction,The tool detected the smell in this class because this class is potentially unused. (Please ignore the smell if the reported class is auto-generated and/or used to serve a specific known purpose.)
TeaStore-1.2.0-53c6efa,tools.descartes.teastore.image.storage,TestDriveStorage,Unnecessary Abstraction,The tool detected the smell in this class because the class contains only a few data members without any method implementation, that indicates that the abstraction might not be required. Following fields are declared in this class: 
TeaStore-1.2.0-53c6efa,tools.descartes.teastore.image.storage,TestDriveStorage,Unutilized Abstraction,The tool detected the smell in this class because this class is potentially unused. (Please ignore the smell if the reported class is auto-generated and/or used to serve a specific known purpose.)
TeaStore-1.2.0-53c6efa,tools.descartes.teastore.persistence.daemons,InitialDataGenerationDaemon,Unutilized Abstraction,The tool detected the smell in this class because this class is potentially unused. (Please ignore the smell if the reported class is auto-generated and/or used to serve a specific known purpose.)
TeaStore-1.2.0-53c6efa,tools.descartes.teastore.persistence.domain,CategoryRepository,Deficient Encapsulation,The tool detected the smell in this class because the class exposes fields belonging to it with public accessibility. Following fields are declared with public accessiblity: REPOSITORY
TeaStore-1.2.0-53c6efa,tools.descartes.teastore.persistence.domain,CategoryRepository,Cyclically-dependent Modularization,The tool detected the smell in this class because this class participates in a cyclic dependency. The participating classes in the cycle are: CacheManager; CategoryRepository; PersistenceCategory; PersistenceProduct
TeaStore-1.2.0-53c6efa,tools.descartes.teastore.persistence.domain,OrderItemRepository,Deficient Encapsulation,The tool detected the smell in this class because the class exposes fields belonging to it with public accessibility. Following fields are declared with public accessiblity: REPOSITORY
TeaStore-1.2.0-53c6efa,tools.descartes.teastore.persistence.domain,OrderRepository,Deficient Encapsulation,The tool detected the smell in this class because the class exposes fields belonging to it with public accessibility. Following fields are declared with public accessiblity: REPOSITORY
TeaStore-1.2.0-53c6efa,tools.descartes.teastore.persistence.domain,OrderRepository,Cyclically-dependent Modularization,The tool detected the smell in this class because this class participates in a cyclic dependency. The participating classes in the cycle are: PersistenceOrderItem; PersistenceOrder; PersistenceUser; UserRepository; OrderRepository
TeaStore-1.2.0-53c6efa,tools.descartes.teastore.persistence.domain,PersistenceOrder,Insufficient Modularization,The tool detected the smell in this class becuase the class has bloated interface (large number of public methods). Total public methods in the class: 28 public methods
TeaStore-1.2.0-53c6efa,tools.descartes.teastore.persistence.domain,ProductRepository,Deficient Encapsulation,The tool detected the smell in this class because the class exposes fields belonging to it with public accessibility. Following fields are declared with public accessiblity: REPOSITORY
TeaStore-1.2.0-53c6efa,tools.descartes.teastore.persistence.domain,UserRepository,Deficient Encapsulation,The tool detected the smell in this class because the class exposes fields belonging to it with public accessibility. Following fields are declared with public accessiblity: REPOSITORY
TeaStore-1.2.0-53c6efa,tools.descartes.teastore.persistence.domain.converters,LocalDateAttributeConverter,Unutilized Abstraction,The tool detected the smell in this class because this class is potentially unused. (Please ignore the smell if the reported class is auto-generated and/or used to serve a specific known purpose.)
TeaStore-1.2.0-53c6efa,tools.descartes.teastore.persistence.domain.converters,LocalDateTimeAttributeConverter,Unutilized Abstraction,The tool detected the smell in this class because this class is potentially unused. (Please ignore the smell if the reported class is auto-generated and/or used to serve a specific known purpose.)
TeaStore-1.2.0-53c6efa,tools.descartes.teastore.persistence.repository,AbstractPersistenceRepository,Unutilized Abstraction,The tool detected the smell in this class because this class is potentially unused. (Please ignore the smell if the reported class is auto-generated and/or used to serve a specific known purpose.)
TeaStore-1.2.0-53c6efa,tools.descartes.teastore.persistence.repository,CacheManager,Deficient Encapsulation,The tool detected the smell in this class because the class exposes fields belonging to it with public accessibility. Following fields are declared with public accessiblity: ENDPOINTURI; MANAGER
TeaStore-1.2.0-53c6efa,tools.descartes.teastore.persistence.repository,CacheManager,Cyclically-dependent Modularization,The tool detected the smell in this class because this class participates in a cyclic dependency. The participating classes in the cycle are: CacheManager; CategoryRepository; PersistenceCategory; PersistenceProduct
TeaStore-1.2.0-53c6efa,tools.descartes.teastore.persistence.repository,DataGenerator,Deficient Encapsulation,The tool detected the smell in this class because the class exposes fields belonging to it with public accessibility. Following fields are declared with public accessiblity: MAINTENANCE_STATUS_CODE; SMALL_DB_CATEGORIES; SMALL_DB_PRODUCTS_PER_CATEGORY; SMALL_DB_USERS; SMALL_DB_MAX_ORDERS_PER_USER; TINY_DB_CATEGORIES; TINY_DB_PRODUCTS_PER_CATEGORY; TINY_DB_USERS; TINY_DB_MAX_ORDERS_PER_USER; random; PASSWORD; CATEGORYNAMES; CATEGORYDESCRIPTIONS; PRODUCTNAMES; FIRSTNAMES; LASTNAMES; MAX_ITEMS_PER_ORDER; PREFFERED_CATEGORY_CHANCE; GENERATOR; maintenanceMode
TeaStore-1.2.0-53c6efa,tools.descartes.teastore.persistence.rest,CacheManagerEndpoint,Unutilized Abstraction,The tool detected the smell in this class because this class is potentially unused. (Please ignore the smell if the reported class is auto-generated and/or used to serve a specific known purpose.)
TeaStore-1.2.0-53c6efa,tools.descartes.teastore.persistence.rest,CategoryEndpoint,Unutilized Abstraction,The tool detected the smell in this class because this class is potentially unused. (Please ignore the smell if the reported class is auto-generated and/or used to serve a specific known purpose.)
TeaStore-1.2.0-53c6efa,tools.descartes.teastore.persistence.rest,DatabaseGenerationEndpoint,Unutilized Abstraction,The tool detected the smell in this class because this class is potentially unused. (Please ignore the smell if the reported class is auto-generated and/or used to serve a specific known purpose.)
TeaStore-1.2.0-53c6efa,tools.descartes.teastore.persistence.rest,OrderEndpoint,Unutilized Abstraction,The tool detected the smell in this class because this class is potentially unused. (Please ignore the smell if the reported class is auto-generated and/or used to serve a specific known purpose.)
TeaStore-1.2.0-53c6efa,tools.descartes.teastore.persistence.rest,OrderItemEndpoint,Unutilized Abstraction,The tool detected the smell in this class because this class is potentially unused. (Please ignore the smell if the reported class is auto-generated and/or used to serve a specific known purpose.)
TeaStore-1.2.0-53c6efa,tools.descartes.teastore.persistence.rest,ProductEndpoint,Unutilized Abstraction,The tool detected the smell in this class because this class is potentially unused. (Please ignore the smell if the reported class is auto-generated and/or used to serve a specific known purpose.)
TeaStore-1.2.0-53c6efa,tools.descartes.teastore.persistence.rest,UserEndpoint,Unutilized Abstraction,The tool detected the smell in this class because this class is potentially unused. (Please ignore the smell if the reported class is auto-generated and/or used to serve a specific known purpose.)
TeaStore-1.2.0-53c6efa,tools.descartes.teastore.persistence.servlet,IndexServlet,Unutilized Abstraction,The tool detected the smell in this class because this class is potentially unused. (Please ignore the smell if the reported class is auto-generated and/or used to serve a specific known purpose.)
TeaStore-1.2.0-53c6efa,tools.descartes.teastore.persistence,CacheTest,Deficient Encapsulation,The tool detected the smell in this class because the class exposes fields belonging to it with public accessibility. Following fields are declared with public accessiblity: MOCK_REGISTRY_PORT; clientTomcatHandler; wireMockRule
TeaStore-1.2.0-53c6efa,tools.descartes.teastore.persistence,RegistrationDaemon,Unutilized Abstraction,The tool detected the smell in this class because this class is potentially unused. (Please ignore the smell if the reported class is auto-generated and/or used to serve a specific known purpose.)
TeaStore-1.2.0-53c6efa,tools.descartes.teastore.persistence,TomcatTestHandler,Deficient Encapsulation,The tool detected the smell in this class because the class exposes fields belonging to it with public accessibility. Following fields are declared with public accessiblity: CONTEXT; DEFAULT_TEST_TOMCAT_PORT; testWorkingDir; tomcats
TeaStore-1.2.0-53c6efa,tools.descartes.teastore.recommender.algorithm,AbstractRecommender,Deficient Encapsulation,The tool detected the smell in this class because the class exposes fields belonging to it with public accessibility. Following fields are declared with public accessiblity: trainingFinished; MAX_NUMBER_OF_RECOMMENDATIONS; LOG; userBuyingMatrix; userItemSets; totalProducts
TeaStore-1.2.0-53c6efa,tools.descartes.teastore.recommender.algorithm,OrderItemSet,Unutilized Abstraction,The tool detected the smell in this class because this class is potentially unused. (Please ignore the smell if the reported class is auto-generated and/or used to serve a specific known purpose.)
TeaStore-1.2.0-53c6efa,tools.descartes.teastore.recommender.algorithm,AbstractRecommenderFunctionalityTest,Broken Hierarchy,The tool detected a potential instance of the smell because this type does not implement or override any method from it's supertype(s): AbstractRecommenderTest
TeaStore-1.2.0-53c6efa,tools.descartes.teastore.recommender.algorithm,DummyRecommenderTest,Unutilized Abstraction,The tool detected the smell in this class because this class is potentially unused. (Please ignore the smell if the reported class is auto-generated and/or used to serve a specific known purpose.)
TeaStore-1.2.0-53c6efa,tools.descartes.teastore.recommender.algorithm,DummyRecommenderTest,Broken Hierarchy,The tool detected a potential instance of the smell because this type does not implement or override any method from it's supertype(s): AbstractRecommenderFunctionalityTest
TeaStore-1.2.0-53c6efa,tools.descartes.teastore.recommender.algorithm,OrderBasedRecommenderTest,Unutilized Abstraction,The tool detected the smell in this class because this class is potentially unused. (Please ignore the smell if the reported class is auto-generated and/or used to serve a specific known purpose.)
TeaStore-1.2.0-53c6efa,tools.descartes.teastore.recommender.algorithm,OrderBasedRecommenderTest,Broken Hierarchy,The tool detected a potential instance of the smell because this type does not implement or override any method from it's supertype(s): AbstractRecommenderFunctionalityTest
TeaStore-1.2.0-53c6efa,tools.descartes.teastore.recommender.algorithm,PopularityBasedRecommenderTest,Unutilized Abstraction,The tool detected the smell in this class because this class is potentially unused. (Please ignore the smell if the reported class is auto-generated and/or used to serve a specific known purpose.)
TeaStore-1.2.0-53c6efa,tools.descartes.teastore.recommender.algorithm,PopularityBasedRecommenderTest,Broken Hierarchy,The tool detected a potential instance of the smell because this type does not implement or override any method from it's supertype(s): AbstractRecommenderFunctionalityTest
TeaStore-1.2.0-53c6efa,tools.descartes.teastore.recommender.algorithm,PreprocessedSlopeOneRecommenderTest,Unutilized Abstraction,The tool detected the smell in this class because this class is potentially unused. (Please ignore the smell if the reported class is auto-generated and/or used to serve a specific known purpose.)
TeaStore-1.2.0-53c6efa,tools.descartes.teastore.recommender.algorithm,SlopeOneRecommenderTest,Broken Hierarchy,The tool detected a potential instance of the smell because this type does not implement or override any method from it's supertype(s): AbstractRecommenderFunctionalityTest
TeaStore-1.2.0-53c6efa,tools.descartes.teastore.recommender.algorithm.impl.cf,PreprocessedSlopeOneRecommender,Unutilized Abstraction,The tool detected the smell in this class because this class is potentially unused. (Please ignore the smell if the reported class is auto-generated and/or used to serve a specific known purpose.)
TeaStore-1.2.0-53c6efa,tools.descartes.teastore.recommender.algorithm.impl.cf,PreprocessedSlopeOneRecommender,Broken Hierarchy,The tool detected a potential instance of the smell because this type does not implement or override any method from it's supertype(s): SlopeOneRecommender
TeaStore-1.2.0-53c6efa,tools.descartes.teastore.recommender.algorithm.impl,DummyRecommender,Unutilized Abstraction,The tool detected the smell in this class because this class is potentially unused. (Please ignore the smell if the reported class is auto-generated and/or used to serve a specific known purpose.)
TeaStore-1.2.0-53c6efa,tools.descartes.teastore.recommender.algorithm.impl,UseFallBackException,Unutilized Abstraction,The tool detected the smell in this class because this class is potentially unused. (Please ignore the smell if the reported class is auto-generated and/or used to serve a specific known purpose.)
TeaStore-1.2.0-53c6efa,tools.descartes.teastore.recommender.algorithm.impl.orderbased,OrderBasedRecommender,Unutilized Abstraction,The tool detected the smell in this class because this class is potentially unused. (Please ignore the smell if the reported class is auto-generated and/or used to serve a specific known purpose.)
TeaStore-1.2.0-53c6efa,tools.descartes.teastore.recommender.algorithm.impl.pop,PopularityBasedRecommender,Unutilized Abstraction,The tool detected the smell in this class because this class is potentially unused. (Please ignore the smell if the reported class is auto-generated and/or used to serve a specific known purpose.)
TeaStore-1.2.0-53c6efa,tools.descartes.teastore.recommender.servlet,IndexServlet,Unutilized Abstraction,The tool detected the smell in this class because this class is potentially unused. (Please ignore the smell if the reported class is auto-generated and/or used to serve a specific known purpose.)
TeaStore-1.2.0-53c6efa,tools.descartes.teastore.recommender.servlet,RecommenderStartup,Unutilized Abstraction,The tool detected the smell in this class because this class is potentially unused. (Please ignore the smell if the reported class is auto-generated and/or used to serve a specific known purpose.)
TeaStore-1.2.0-53c6efa,tools.descartes.teastore.recommender.servlet,RetrainDaemon,Unutilized Abstraction,The tool detected the smell in this class because this class is potentially unused. (Please ignore the smell if the reported class is auto-generated and/or used to serve a specific known purpose.)
TeaStore-1.2.0-53c6efa,tools.descartes.teastore.recommender.servlet,TrainingSynchronizer,Deficient Encapsulation,The tool detected the smell in this class because the class exposes fields belonging to it with public accessibility. Following fields are declared with public accessiblity: DEFAULT_MAX_TIME_VALUE; PERSISTENCE_CREATION_MAX_WAIT_TIME; PERSISTENCE_CREATION_WAIT_TIME; instance; isReady; LOG; maxTime
TeaStore-1.2.0-53c6efa,tools.descartes.teastore.recommender,AbstractRecommenderRestTest,Deficient Encapsulation,The tool detected the smell in this class because the class exposes fields belonging to it with public accessibility. Following fields are declared with public accessiblity: RECOMMENDER_TEST_PORT; persistenceWireMockRule; persistence; otherRecommenderWireMockRule; otherrecommender; registryWireMockRule; registry; testTomcat; testWorkingDir
TeaStore-1.2.0-53c6efa,tools.descartes.teastore.recommender,MockOtherRecommenderProvider,Deficient Encapsulation,The tool detected the smell in this class because the class exposes fields belonging to it with public accessibility. Following fields are declared with public accessiblity: DEFAULT_MOCK_RECOMMENDER_PORT; TIMESTAMP; port
TeaStore-1.2.0-53c6efa,tools.descartes.teastore.recommender,MockPersistenceProvider,Deficient Encapsulation,The tool detected the smell in this class because the class exposes fields belonging to it with public accessibility. Following fields are declared with public accessiblity: DEFAULT_MOCK_PERSISTENCE_PORT; port; MOCK_ORDERS; MOCK_ORDER_ITEMS
TeaStore-1.2.0-53c6efa,tools.descartes.teastore.recommender,MockRegistry,Deficient Encapsulation,The tool detected the smell in this class because the class exposes fields belonging to it with public accessibility. Following fields are declared with public accessiblity: DEFAULT_MOCK_REGISTRY_PORT; port
TeaStore-1.2.0-53c6efa,tools.descartes.teastore.recommender,RecommenderEndpointTest,Deficient Encapsulation,The tool detected the smell in this class because the class exposes fields belonging to it with public accessibility. Following fields are declared with public accessiblity: RECOMMENDER_REST_PREFIX; TRAIN_TARGET; ISREADY_TARGET; TIMESTAMP_TARGET; RECOMMEND_TARGET; RECOMMEND_SINGLE_TARGET
TeaStore-1.2.0-53c6efa,tools.descartes.teastore.recommender,RecommenderEndpointTest,Broken Hierarchy,The tool detected a potential instance of the smell because this type does not implement or override any method from it's supertype(s): AbstractRecommenderRestTest
TeaStore-1.2.0-53c6efa,tools.descartes.teastore.registry.rest,RegistryHeartbeatDaemon,Unutilized Abstraction,The tool detected the smell in this class because this class is potentially unused. (Please ignore the smell if the reported class is auto-generated and/or used to serve a specific known purpose.)
TeaStore-1.2.0-53c6efa,tools.descartes.teastore.registry.rest,RegistryStartup,Unutilized Abstraction,The tool detected the smell in this class because this class is potentially unused. (Please ignore the smell if the reported class is auto-generated and/or used to serve a specific known purpose.)
TeaStore-1.2.0-53c6efa,tools.descartes.teastore.registry.servlet,IndexServlet,Unutilized Abstraction,The tool detected the smell in this class because this class is potentially unused. (Please ignore the smell if the reported class is auto-generated and/or used to serve a specific known purpose.)
TeaStore-1.2.0-53c6efa,tools.descartes.teastore.webui.servlet,AboutUsServlet,Unutilized Abstraction,The tool detected the smell in this class because this class is potentially unused. (Please ignore the smell if the reported class is auto-generated and/or used to serve a specific known purpose.)
TeaStore-1.2.0-53c6efa,tools.descartes.teastore.webui.servlet,AboutUsServlet,Broken Hierarchy,The tool detected a potential instance of the smell because this type does not implement or override any method from it's supertype(s): AbstractUIServlet
TeaStore-1.2.0-53c6efa,tools.descartes.teastore.webui.servlet,AbstractUIServlet,Wide Hierarchy,The tool detected the smell in this class because the number of children for the class is large. This class has following sub-classes: AboutUsServlet; CartActionServlet; CartServlet; CategoryServlet; DataBaseActionServlet; DataBaseServlet; ErrorServlet; IndexServlet; LoginActionServlet; LoginServlet; OrderServlet; ProductServlet; ProfileServlet; StatusServlet
TeaStore-1.2.0-53c6efa,tools.descartes.teastore.webui.servlet,CartActionServlet,Unutilized Abstraction,The tool detected the smell in this class because this class is potentially unused. (Please ignore the smell if the reported class is auto-generated and/or used to serve a specific known purpose.)
TeaStore-1.2.0-53c6efa,tools.descartes.teastore.webui.servlet,CartActionServlet,Broken Hierarchy,The tool detected a potential instance of the smell because this type does not implement or override any method from it's supertype(s): AbstractUIServlet
TeaStore-1.2.0-53c6efa,tools.descartes.teastore.webui.servlet,CartServlet,Unutilized Abstraction,The tool detected the smell in this class because this class is potentially unused. (Please ignore the smell if the reported class is auto-generated and/or used to serve a specific known purpose.)
TeaStore-1.2.0-53c6efa,tools.descartes.teastore.webui.servlet,CartServlet,Broken Hierarchy,The tool detected a potential instance of the smell because this type does not implement or override any method from it's supertype(s): AbstractUIServlet
TeaStore-1.2.0-53c6efa,tools.descartes.teastore.webui.servlet,CategoryServlet,Unutilized Abstraction,The tool detected the smell in this class because this class is potentially unused. (Please ignore the smell if the reported class is auto-generated and/or used to serve a specific known purpose.)
TeaStore-1.2.0-53c6efa,tools.descartes.teastore.webui.servlet,CategoryServlet,Broken Hierarchy,The tool detected a potential instance of the smell because this type does not implement or override any method from it's supertype(s): AbstractUIServlet
TeaStore-1.2.0-53c6efa,tools.descartes.teastore.webui.servlet,DataBaseActionServlet,Unutilized Abstraction,The tool detected the smell in this class because this class is potentially unused. (Please ignore the smell if the reported class is auto-generated and/or used to serve a specific known purpose.)
TeaStore-1.2.0-53c6efa,tools.descartes.teastore.webui.servlet,DataBaseActionServlet,Broken Hierarchy,The tool detected a potential instance of the smell because this type does not implement or override any method from it's supertype(s): AbstractUIServlet
TeaStore-1.2.0-53c6efa,tools.descartes.teastore.webui.servlet,DataBaseServlet,Unutilized Abstraction,The tool detected the smell in this class because this class is potentially unused. (Please ignore the smell if the reported class is auto-generated and/or used to serve a specific known purpose.)
TeaStore-1.2.0-53c6efa,tools.descartes.teastore.webui.servlet,DataBaseServlet,Broken Hierarchy,The tool detected a potential instance of the smell because this type does not implement or override any method from it's supertype(s): AbstractUIServlet
TeaStore-1.2.0-53c6efa,tools.descartes.teastore.webui.servlet,ErrorServlet,Unutilized Abstraction,The tool detected the smell in this class because this class is potentially unused. (Please ignore the smell if the reported class is auto-generated and/or used to serve a specific known purpose.)
TeaStore-1.2.0-53c6efa,tools.descartes.teastore.webui.servlet,ErrorServlet,Broken Hierarchy,The tool detected a potential instance of the smell because this type does not implement or override any method from it's supertype(s): AbstractUIServlet
TeaStore-1.2.0-53c6efa,tools.descartes.teastore.webui.servlet,IndexServlet,Unutilized Abstraction,The tool detected the smell in this class because this class is potentially unused. (Please ignore the smell if the reported class is auto-generated and/or used to serve a specific known purpose.)
TeaStore-1.2.0-53c6efa,tools.descartes.teastore.webui.servlet,IndexServlet,Broken Hierarchy,The tool detected a potential instance of the smell because this type does not implement or override any method from it's supertype(s): AbstractUIServlet
TeaStore-1.2.0-53c6efa,tools.descartes.teastore.webui.servlet,LoginActionServlet,Unutilized Abstraction,The tool detected the smell in this class because this class is potentially unused. (Please ignore the smell if the reported class is auto-generated and/or used to serve a specific known purpose.)
TeaStore-1.2.0-53c6efa,tools.descartes.teastore.webui.servlet,LoginActionServlet,Broken Hierarchy,The tool detected a potential instance of the smell because this type does not implement or override any method from it's supertype(s): AbstractUIServlet
TeaStore-1.2.0-53c6efa,tools.descartes.teastore.webui.servlet,LoginServlet,Unutilized Abstraction,The tool detected the smell in this class because this class is potentially unused. (Please ignore the smell if the reported class is auto-generated and/or used to serve a specific known purpose.)
TeaStore-1.2.0-53c6efa,tools.descartes.teastore.webui.servlet,LoginServlet,Broken Hierarchy,The tool detected a potential instance of the smell because this type does not implement or override any method from it's supertype(s): AbstractUIServlet
TeaStore-1.2.0-53c6efa,tools.descartes.teastore.webui.servlet,OrderServlet,Unutilized Abstraction,The tool detected the smell in this class because this class is potentially unused. (Please ignore the smell if the reported class is auto-generated and/or used to serve a specific known purpose.)
TeaStore-1.2.0-53c6efa,tools.descartes.teastore.webui.servlet,OrderServlet,Broken Hierarchy,The tool detected a potential instance of the smell because this type does not implement or override any method from it's supertype(s): AbstractUIServlet
TeaStore-1.2.0-53c6efa,tools.descartes.teastore.webui.servlet,ProductServlet,Unutilized Abstraction,The tool detected the smell in this class because this class is potentially unused. (Please ignore the smell if the reported class is auto-generated and/or used to serve a specific known purpose.)
TeaStore-1.2.0-53c6efa,tools.descartes.teastore.webui.servlet,ProductServlet,Broken Hierarchy,The tool detected a potential instance of the smell because this type does not implement or override any method from it's supertype(s): AbstractUIServlet
TeaStore-1.2.0-53c6efa,tools.descartes.teastore.webui.servlet,ProfileServlet,Unutilized Abstraction,The tool detected the smell in this class because this class is potentially unused. (Please ignore the smell if the reported class is auto-generated and/or used to serve a specific known purpose.)
TeaStore-1.2.0-53c6efa,tools.descartes.teastore.webui.servlet,ProfileServlet,Broken Hierarchy,The tool detected a potential instance of the smell because this type does not implement or override any method from it's supertype(s): AbstractUIServlet
TeaStore-1.2.0-53c6efa,tools.descartes.teastore.webui.servlet,StatusServlet,Unutilized Abstraction,The tool detected the smell in this class because this class is potentially unused. (Please ignore the smell if the reported class is auto-generated and/or used to serve a specific known purpose.)
TeaStore-1.2.0-53c6efa,tools.descartes.teastore.webui.servlet,StatusServlet,Broken Hierarchy,The tool detected a potential instance of the smell because this type does not implement or override any method from it's supertype(s): AbstractUIServlet
TeaStore-1.2.0-53c6efa,tools.descartes.teastore.webui.servlet,AbstractUiTest,Deficient Encapsulation,The tool detected the smell in this class because the class exposes fields belonging to it with public accessibility. Following fields are declared with public accessiblity: wireMockRule; CONTEXT; webUITomcat; testWorkingDir
TeaStore-1.2.0-53c6efa,tools.descartes.teastore.webui.servlet,CartActionTest,Broken Hierarchy,The tool detected a potential instance of the smell because this type does not implement or override any method from it's supertype(s): AbstractUiTest
TeaStore-1.2.0-53c6efa,tools.descartes.teastore.webui.servlet,CartServletTest,Broken Hierarchy,The tool detected a potential instance of the smell because this type does not implement or override any method from it's supertype(s): AbstractUiTest
TeaStore-1.2.0-53c6efa,tools.descartes.teastore.webui.servlet,CategoryTest,Broken Hierarchy,The tool detected a potential instance of the smell because this type does not implement or override any method from it's supertype(s): AbstractUiTest
TeaStore-1.2.0-53c6efa,tools.descartes.teastore.webui.servlet,HeaderTest,Broken Hierarchy,The tool detected a potential instance of the smell because this type does not implement or override any method from it's supertype(s): AbstractUiTest
TeaStore-1.2.0-53c6efa,tools.descartes.teastore.webui.servlet,LoginActionTest,Broken Hierarchy,The tool detected a potential instance of the smell because this type does not implement or override any method from it's supertype(s): AbstractUiTest
TeaStore-1.2.0-53c6efa,tools.descartes.teastore.webui.servlet,PaginationTest,Broken Hierarchy,The tool detected a potential instance of the smell because this type does not implement or override any method from it's supertype(s): AbstractUiTest
TeaStore-1.2.0-53c6efa,tools.descartes.teastore.webui.servlet,ProductperPageTest,Broken Hierarchy,The tool detected a potential instance of the smell because this type does not implement or override any method from it's supertype(s): AbstractUiTest
TeaStore-1.2.0-53c6efa,tools.descartes.teastore.webui.servlet,ProductServletTest,Broken Hierarchy,The tool detected a potential instance of the smell because this type does not implement or override any method from it's supertype(s): AbstractUiTest
TeaStore-1.2.0-53c6efa,tools.descartes.teastore.webui.servlet.elhelper,ELHelperUtils,Deficient Encapsulation,The tool detected the smell in this class because the class exposes fields belonging to it with public accessibility. Following fields are declared with public accessiblity: UTILS; PRICE_FORMAT
TeaStore-1.2.0-53c6efa,tools.descartes.teastore.webui.startup,WebuiStartup,Unutilized Abstraction,The tool detected the smell in this class because this class is potentially unused. (Please ignore the smell if the reported class is auto-generated and/or used to serve a specific known purpose.)
TeaStore-1.2.0-53c6efa,tools.descartes.teastore.dockermemoryconfigurator,Configurator,Unutilized Abstraction,The tool detected the smell in this class because this class is potentially unused. (Please ignore the smell if the reported class is auto-generated and/or used to serve a specific known purpose.)
TeaStore-1.2.0-53c6efa,tools.descartes.teastore.registryclient.rest,ResponseWrapper,Imperative Abstraction,The tool detected the smell in this class because it looks like that an operation is turned into a class. This class contains only the following public method: wrap
TeaStore-1.2.0-53c6efa,tools.descartes.teastore.registryclient.rest,TrackingFilter,Unutilized Abstraction,The tool detected the smell in this class because this class is potentially unused. (Please ignore the smell if the reported class is auto-generated and/or used to serve a specific known purpose.)
TeaStore-1.2.0-53c6efa,tools.descartes.teastore.registryclient.rest,HttpWrapper,Unutilized Abstraction,The tool detected the smell in this class because this class is potentially unused. (Please ignore the smell if the reported class is auto-generated and/or used to serve a specific known purpose.)
TeaStore-1.2.0-53c6efa,tools.descartes.teastore.registryclient.rest,ResponseWrapper,Unutilized Abstraction,The tool detected the smell in this class because this class is potentially unused. (Please ignore the smell if the reported class is auto-generated and/or used to serve a specific known purpose.)
TeaStore-1.2.0-53c6efa,tools.descartes.teastore.kieker.probes,AbstractOperationExecutionWithParameterAspect,Unutilized Abstraction,The tool detected the smell in this class because this class is potentially unused. (Please ignore the smell if the reported class is auto-generated and/or used to serve a specific known purpose.)
TeaStore-1.2.0-53c6efa,tools.descartes.teastore.kieker.probes.records,OperationExecutionWithParametersRecord,Unutilized Abstraction,The tool detected the smell in this class because this class is potentially unused. (Please ignore the smell if the reported class is auto-generated and/or used to serve a specific known purpose.)
TeaStore-1.2.0-53c6efa,tools.descartes.teastore.kieker.rabbitmq,DisplayLogs,Unutilized Abstraction,The tool detected the smell in this class because this class is potentially unused. (Please ignore the smell if the reported class is auto-generated and/or used to serve a specific known purpose.)
TeaStore-1.2.0-53c6efa,tools.descartes.teastore.kieker.rabbitmq,FileWriterDaemon,Unutilized Abstraction,The tool detected the smell in this class because this class is potentially unused. (Please ignore the smell if the reported class is auto-generated and/or used to serve a specific known purpose.)
TeaStore-1.2.0-53c6efa,tools.descartes.teastore.kieker.rabbitmq,LogConsumer,Deficient Encapsulation,The tool detected the smell in this class because the class exposes fields belonging to it with public accessibility. Following fields are declared with public accessiblity: INPUT_PORT_NAME
TeaStore-1.2.0-53c6efa,tools.descartes.teastore.kieker.rabbitmq,LogReaderDaemon,Unutilized Abstraction,The tool detected the smell in this class because this class is potentially unused. (Please ignore the smell if the reported class is auto-generated and/or used to serve a specific known purpose.)
TeaStore-1.2.0-53c6efa,tools.descartes.teastore.kieker.rabbitmq,Reset,Unutilized Abstraction,The tool detected the smell in this class because this class is potentially unused. (Please ignore the smell if the reported class is auto-generated and/or used to serve a specific known purpose.)
TeaStore-1.2.0-53c6efa,tools.descartes.teastore.registryclient.loadbalancers,LoadBalancerUpdaterDaemon,Unutilized Abstraction,The tool detected the smell in this class because this class is potentially unused. (Please ignore the smell if the reported class is auto-generated and/or used to serve a specific known purpose.)
TeaStore-1.2.0-53c6efa,tools.descartes.teastore.registryclient,RegistryClientHeartbeatDaemon,Unutilized Abstraction,The tool detected the smell in this class because this class is potentially unused. (Please ignore the smell if the reported class is auto-generated and/or used to serve a specific known purpose.)
TeaStore-1.2.0-53c6efa,tools.descartes.teastore.registryclient,Service,Unnecessary Abstraction,The tool detected the smell in this class because the class contains only a few data members without any method implementation, that indicates that the abstraction might not be required. Following fields are declared in this class: serviceName
TeaStore-1.2.0-53c6efa,tools.descartes.teastore.registryclient,StartupCallbackTask,Unutilized Abstraction,The tool detected the smell in this class because this class is potentially unused. (Please ignore the smell if the reported class is auto-generated and/or used to serve a specific known purpose.)
TeaStore-1.2.0-53c6efa,tools.descartes.teastore.registryclient,TestRegistryClientStartup,Unutilized Abstraction,The tool detected the smell in this class because this class is potentially unused. (Please ignore the smell if the reported class is auto-generated and/or used to serve a specific known purpose.)
TeaStore-1.2.0-53c6efa,tools.descartes.teastore.registryclient.util,AbstractCRUDEndpoint,Unutilized Abstraction,The tool detected the smell in this class because this class is potentially unused. (Please ignore the smell if the reported class is auto-generated and/or used to serve a specific known purpose.)
TeaStore-1.2.0-53c6efa,tools.descartes.teastore.registryclient.util,NotFoundException,Deficient Encapsulation,The tool detected the smell in this class because the class exposes fields belonging to it with public accessibility. Following fields are declared with public accessiblity: ERROR_CODE; serialVersionUID
TeaStore-1.2.0-53c6efa,tools.descartes.teastore.registryclient.util,RESTClient,Deficient Encapsulation,The tool detected the smell in this class because the class exposes fields belonging to it with public accessibility. Following fields are declared with public accessiblity: DEFAULT_CONNECT_TIMEOUT; DEFAULT_READ_TIMEOUT; DEFAULT_REST_APPLICATION; readTimeout; connectTimeout; applicationURI; endpointURI; client; service; entityClass; parameterizedGenericType; genericListType
TeaStore-1.2.0-53c6efa,tools.descartes.teastore.registryclient.util,TimeoutException,Deficient Encapsulation,The tool detected the smell in this class because the class exposes fields belonging to it with public accessibility. Following fields are declared with public accessiblity: serialVersionUID; ERROR_CODE
TeaStore-1.2.0-53c6efa,tools.descartes.teastore.registryclient.test,NotFoundServlet,Unutilized Abstraction,The tool detected the smell in this class because this class is potentially unused. (Please ignore the smell if the reported class is auto-generated and/or used to serve a specific known purpose.)
TeaStore-1.2.0-53c6efa,tools.descartes.teastore.registryclient.test,SlowTimeoutingServlet,Unutilized Abstraction,The tool detected the smell in this class because this class is potentially unused. (Please ignore the smell if the reported class is auto-generated and/or used to serve a specific known purpose.)
TeaStore-1.2.0-53c6efa,tools.descartes.teastore.registryclient.test,TimeoutStatusServlet,Unutilized Abstraction,The tool detected the smell in this class because this class is potentially unused. (Please ignore the smell if the reported class is auto-generated and/or used to serve a specific known purpose.)
