project,versionId,versionIndex,versionDate,ATDI,ATDI_WEIGHTED,AffectedClassesRatio,AffectedComponentType,AffectedConstructType,AffectedElements,AffectsIndexList,AfferentAffectedRatio,CentralComponent,EfferentAffectedRatio,InstabilityGap,LOCDensity,MeanContTreeDepth,MeanContTreeDistance,NumberOfEdges,PageRankWeighted,PageRankWeightedRanking,Severity,Shape,Size,SmellExtent,SmellExtentByWeight,StDContTreeDepth,StDContTreeDistance,Strength,TotalNumberOfChanges,smellType,vertexId,vertexLabel
sitewhere-1.13.0,75ad5bf9-e533-4c8a-9a12-180e729e4464,1,2023-02-10T21:49:50.816104100,28.047788634007006,4.091190450634175,0.0,CONTAINER,PACKAGE,"[com.sitewhere.spi, com.sitewhere.rest, com.sitewhere.spi.device]",30571;30597;31696,0.0,,0.0,0.0,0.0,3.3333333333333335,1.0,5,2.9283035338078926E-4,1,4.091190450634175,CIRCLE,3,47,1,0.4714045207910317,0.816496580927726,0.0,0,cyclicDep,86443,smell
sitewhere-1.13.0,75ad5bf9-e533-4c8a-9a12-180e729e4464,1,2023-02-10T21:49:50.816104100,33.643657954117195,4.711054418700084,0.0,CONTAINER,PACKAGE,"[com.sitewhere.spi.cache, com.sitewhere.spi, com.sitewhere.rest, com.sitewhere.spi.device]",32102;30571;30597;31937,0.0,,0.0,0.0,0.0,3.5,1.3333333333333333,7,2.241756893367689E-4,1,4.711054418700084,CIRCLE,4,51,1,0.5,0.7453559924999299,0.0,0,cyclicDep,86450,smell
sitewhere-1.13.0,75ad5bf9-e533-4c8a-9a12-180e729e4464,1,2023-02-10T21:49:50.816104100,35.254303130446374,6.662437052003357,0.0,CONTAINER,PACKAGE,"[com.sitewhere.spi.common, com.sitewhere.spi, com.sitewhere.rest, com.sitewhere.spi.device]",30459;30571;30597;30962,0.0,,0.0,0.0,0.0,3.5,1.5,7,2.6937882756061375E-4,1,4.711054418700084,CIRCLE,4,56,2,0.5,0.7637626158259734,0.0,0,cyclicDep,86458,smell
sitewhere-1.13.0,75ad5bf9-e533-4c8a-9a12-180e729e4464,1,2023-02-10T21:49:50.816104100,34.38298151437232,6.556577316135354,0.0,CONTAINER,PACKAGE,"[com.sitewhere.spi.device.batch, com.sitewhere.spi, com.sitewhere.rest, com.sitewhere.spi.device]",31413;30571;30597;31887,0.0,,0.0,0.0,0.0,3.75,1.3333333333333333,7,2.3042608888081738E-4,1,4.636200281613203,CIRCLE,4,55,2,0.82915619758885,0.7453559924999299,0.0,0,cyclicDep,86466,smell
sitewhere-1.13.0,75ad5bf9-e533-4c8a-9a12-180e729e4464,1,2023-02-10T21:49:50.816104100,39.9117602832507,10.137597249547996,0.0,CONTAINER,PACKAGE,"[com.sitewhere.spi.error, com.sitewhere.spi.device.batch, com.sitewhere.spi, com.sitewhere.rest, com.sitewhere.spi.device, com.sitewhere.spi.server.lifecycle, com.sitewhere.rest.model.monitoring]",31750;31856;30644;31413;30571;30597;31096,0.0,,0.0,0.0,0.0,4.142857142857143,2.380952380952381,15,1.8216069943833156E-4,1,5.068798624773998,CIRCLE,7,62,4,0.8329931278350429,1.2526615655205624,0.0,0,cyclicDep,86474,smell
sitewhere-1.13.0,75ad5bf9-e533-4c8a-9a12-180e729e4464,1,2023-02-10T21:49:50.816104100,38.934181003485044,8.779416751443817,0.0,CONTAINER,PACKAGE,"[com.sitewhere.spi.device.batch, com.sitewhere.spi, com.sitewhere.rest, com.sitewhere.spi.device, com.sitewhere.spi.server.lifecycle, com.sitewhere.rest.model.monitoring, com.sitewhere.spi.monitoring]",30454;31856;30644;31413;30571;30597;31034,0.0,,0.0,0.0,0.0,4.142857142857143,2.380952380952381,15,1.7591471061687944E-4,1,5.068798624773998,CIRCLE,7,59,3,0.8329931278350429,1.2526615655205624,0.0,0,cyclicDep,86485,smell
sitewhere-1.13.0,75ad5bf9-e533-4c8a-9a12-180e729e4464,1,2023-02-10T21:49:50.816104100,38.2660171899762,6.872779574767436,0.0,CONTAINER,PACKAGE,"[com.sitewhere.spi.device.batch, com.sitewhere.spi, com.sitewhere.rest, com.sitewhere.spi.device, com.sitewhere.spi.server.lifecycle]",30644;31413;30571;30597;31230,0.0,,0.0,0.0,0.0,4.0,1.6,11,2.230722617252242E-4,1,4.85978904291845,CIRCLE,5,62,2,0.8944271909999159,0.8,0.0,0,cyclicDep,86496,smell
sitewhere-1.13.0,75ad5bf9-e533-4c8a-9a12-180e729e4464,1,2023-02-10T21:49:50.816104100,38.724603407316614,7.129777396990921,0.0,CONTAINER,PACKAGE,"[com.sitewhere.spi.tenant, com.sitewhere.spi.device.batch, com.sitewhere.spi, com.sitewhere.rest, com.sitewhere.spi.device, com.sitewhere.spi.server.lifecycle]",31102;30644;31413;30571;30597;31517,0.0,,0.0,0.0,0.0,4.0,1.7333333333333334,14,1.9775573242806306E-4,1,5.041513945762851,CIRCLE,6,59,2,0.816496580927726,0.6798692684790381,0.0,0,cyclicDep,86505,smell
sitewhere-1.13.0,75ad5bf9-e533-4c8a-9a12-180e729e4464,1,2023-02-10T21:49:50.816104100,16.303417639826545,4.2095243336874955,0.0,CONTAINER,PACKAGE,"[com.sitewhere.spi.tenant, com.sitewhere.spi.device.batch, com.sitewhere.spi.device, com.sitewhere.spi.server.lifecycle, com.sitewhere.spi.search]",31747;31102;30644;31413;31101,0.0,,0.0,0.0,0.0,4.4,2.1,8,1.1605078678490447E-4,1,4.2095243336874955,CIRCLE,5,15,1,0.4898979485566356,0.3,0.0,0,cyclicDep,86515,smell
sitewhere-1.13.0,75ad5bf9-e533-4c8a-9a12-180e729e4464,1,2023-02-10T21:49:50.816104100,156.08330898939883,22.350307921224882,0.0,CONTAINER,PACKAGE,"[com.sitewhere.spi.server, com.sitewhere.spi.tenant, com.sitewhere.spi.device.batch, com.sitewhere.spi, com.sitewhere.rest, com.sitewhere.spi.device, com.sitewhere.spi.server.lifecycle, com.sitewhere.rest.model, com.sitewhere.spi.search]",31003;30481;31747;31102;30644;31413;30571;30597;30445,0.0,,0.0,0.0,0.0,4.0,1.9722222222222223,29,1.5680428913777606E-4,1,6.198860094798867,CIRCLE,9,634,13,0.6666666666666666,0.8970975145530634,0.0,0,cyclicDep,86524,smell
sitewhere-1.13.0,75ad5bf9-e533-4c8a-9a12-180e729e4464,1,2023-02-10T21:49:50.816104100,36.94986839499151,4.770207497945263,0.0,CONTAINER,PACKAGE,"[com.sitewhere.spi.server, com.sitewhere.spi.tenant, com.sitewhere.spi.device.batch, com.sitewhere.spi.device, com.sitewhere.spi.server.lifecycle, com.sitewhere.rest.model, com.sitewhere.spi.search]",31003;30481;31747;31102;30644;31413;30737,0.0,,0.0,0.0,0.0,4.285714285714286,2.380952380952381,18,1.0210603941155723E-4,1,4.770207497945263,CIRCLE,7,60,1,0.45175395145262565,0.7221786137191952,0.0,0,cyclicDep,86537,smell
sitewhere-1.13.0,75ad5bf9-e533-4c8a-9a12-180e729e4464,1,2023-02-10T21:49:50.816104100,62.69819461126358,10.547820494952143,0.0,CONTAINER,PACKAGE,"[com.sitewhere.spi.server, com.sitewhere.spi.device.event, com.sitewhere.spi.tenant, com.sitewhere.spi.device.batch, com.sitewhere.spi, com.sitewhere.rest, com.sitewhere.spi.device, com.sitewhere.spi.server.lifecycle, com.sitewhere.rest.model, com.sitewhere.spi.search]",31121;31003;30481;31747;31102;30644;31413;30571;30597;30718,0.0,,0.0,0.0,0.0,4.1,2.022222222222222,39,1.611435700185518E-4,1,6.0897870021244715,CIRCLE,10,106,3,0.7000000000000001,0.8816370855501053,0.0,0,cyclicDep,86548,smell
sitewhere-1.13.0,75ad5bf9-e533-4c8a-9a12-180e729e4464,1,2023-02-10T21:49:50.816104100,45.403696070616995,8.15474454589506,0.0,CONTAINER,PACKAGE,"[com.sitewhere.spi.server, com.sitewhere.spi.device.event, com.sitewhere.spi.tenant, com.sitewhere.spi.device.batch, com.sitewhere.spi.device, com.sitewhere.spi.server.lifecycle, com.sitewhere.rest.model, com.sitewhere.spi.search]",31121;31003;30481;31747;31102;30644;31413;31410,0.0,,0.0,0.0,0.0,4.375,2.357142857142857,25,1.1436742172830427E-4,1,5.766275167246409,CIRCLE,8,62,2,0.4841229182759271,0.7659860924831148,0.0,0,cyclicDep,86562,smell
sitewhere-1.13.0,75ad5bf9-e533-4c8a-9a12-180e729e4464,1,2023-02-10T21:49:50.816104100,62.35562276041638,10.344821453897104,0.0,CONTAINER,PACKAGE,"[com.sitewhere.spi.server, com.sitewhere.spi.device.event, com.sitewhere.spi.tenant, com.sitewhere.spi.device.batch, com.sitewhere.spi, com.sitewhere.rest, com.sitewhere.spi.device, com.sitewhere.spi.server.lifecycle, com.sitewhere.rest.model, com.sitewhere.spi.search, com.sitewhere.spi.device.communication]",31727;31121;31003;30481;31747;31102;30644;31413;30571;30597;30415,0.0,,0.0,0.0,0.0,4.181818181818182,2.0727272727272728,47,1.5022192740042417E-4,1,5.972585451126109,CIRCLE,11,109,3,0.7158188976374373,0.849696105130758,0.0,0,cyclicDep,86580,smell
sitewhere-1.13.0,75ad5bf9-e533-4c8a-9a12-180e729e4464,1,2023-02-10T21:49:50.816104100,53.76379413886009,8.39649398407037,0.0,CONTAINER,PACKAGE,"[com.sitewhere.spi.server, com.sitewhere.spi.device.event, com.sitewhere.spi.tenant, com.sitewhere.spi.device.batch, com.sitewhere.spi.device, com.sitewhere.spi.server.lifecycle, com.sitewhere.rest.model, com.sitewhere.spi.search, com.sitewhere.spi.device.communication]",31727;31121;31003;30481;31747;31102;30644;31413;30744,0.0,,0.0,0.0,0.0,4.444444444444445,2.361111111111111,32,1.0621609722728686E-4,1,5.93721783432821,CIRCLE,9,82,2,0.4969039949999533,0.7510281019219874,0.0,0,cyclicDep,86595,smell
sitewhere-1.13.0,75ad5bf9-e533-4c8a-9a12-180e729e4464,1,2023-02-10T21:49:50.816104100,43.62637281372566,8.395899362590495,0.0,CONTAINER,PACKAGE,"[com.sitewhere.spi.server, com.sitewhere.spi.device.event, com.sitewhere.spi.tenant, com.sitewhere.spi.device.batch, com.sitewhere.spi.server.lifecycle, com.sitewhere.rest.model, com.sitewhere.spi.search, com.sitewhere.spi.device.communication]",31727;31121;31003;30481;31747;31102;30644;31377,0.0,,0.0,0.0,0.0,4.5,2.4642857142857144,22,9.674376765778724E-5,1,5.93679737344755,CIRCLE,8,54,2,0.5,0.7783748113465488,0.0,0,cyclicDep,86608,smell
sitewhere-1.13.0,75ad5bf9-e533-4c8a-9a12-180e729e4464,1,2023-02-10T21:49:50.816104100,64.46432495817129,10.694655947877377,0.0,CONTAINER,PACKAGE,"[com.sitewhere.spi.server, com.sitewhere.spi.device.event, com.sitewhere.spi.tenant, com.sitewhere.spi.device.batch, com.sitewhere.spi, com.sitewhere.rest, com.sitewhere.spi.device, com.sitewhere.spi.server.lifecycle, com.sitewhere.spi.device.event.processor, com.sitewhere.rest.model, com.sitewhere.spi.search, com.sitewhere.spi.device.communication]",31860;31727;31121;31003;30481;31747;31102;30644;31413;30571;30597;31049,0.0,,0.0,0.0,0.0,4.333333333333333,2.3333333333333335,54,1.3984072057034836E-4,1,6.174562490397436,CIRCLE,12,109,3,0.8498365855987975,1.020001980588293,0.0,0,cyclicDep,86626,smell
sitewhere-1.13.0,75ad5bf9-e533-4c8a-9a12-180e729e4464,1,2023-02-10T21:49:50.816104100,47.62769301175621,8.41946617522099,0.0,CONTAINER,PACKAGE,"[com.sitewhere.spi.server, com.sitewhere.spi.device.event, com.sitewhere.spi.tenant, com.sitewhere.spi.device.batch, com.sitewhere.spi.device, com.sitewhere.spi.device.event.processor, com.sitewhere.spi.server.lifecycle, com.sitewhere.rest.model, com.sitewhere.spi.search, com.sitewhere.spi.device.communication]",31860;31727;31121;31003;30481;31747;31102;30644;31413;31995,0.0,,0.0,0.0,0.0,4.6,2.688888888888889,38,9.815923204850966E-5,1,5.953461626469526,CIRCLE,10,64,2,0.66332495807108,0.9386094258641279,0.0,0,cyclicDep,86642,smell
sitewhere-1.13.0,75ad5bf9-e533-4c8a-9a12-180e729e4464,1,2023-02-10T21:49:50.816104100,18.891595877024503,4.722898969256126,0.0,CONTAINER,PACKAGE,"[com.sitewhere.spi.device.event, com.sitewhere.spi.device.event.processor, com.sitewhere.spi.device.communication]",31860;31727;30968,0.0,,0.0,0.0,0.0,5.333333333333333,3.3333333333333335,5,8.895001486806535E-5,1,4.722898969256126,CIRCLE,3,16,1,0.4714045207910317,0.9428090415820634,0.0,0,cyclicDep,86656,smell
sitewhere-1.13.0,75ad5bf9-e533-4c8a-9a12-180e729e4464,1,2023-02-10T21:49:50.816104100,72.9090291070551,12.04052987961162,0.0,CONTAINER,PACKAGE,"[com.sitewhere.spi.server, com.sitewhere.spi.device.batch, com.sitewhere.spi, com.sitewhere.spi.device.event.processor, com.sitewhere.spi.device.communication, com.sitewhere.spi.device.event, com.sitewhere.spi.tenant, com.sitewhere.rest, com.sitewhere.spi.device, com.sitewhere.spi.device.event.processor.multicast, com.sitewhere.spi.server.lifecycle, com.sitewhere.rest.model, com.sitewhere.spi.search]",30943;31860;31727;31121;31003;30481;31747;31102;30644;31413;30571;30597;31219,0.0,,0.0,0.0,0.0,4.538461538461538,2.6923076923076925,59,1.2967641202015834E-4,1,6.951603167179502,CIRCLE,13,110,3,1.08240363688233,1.3426694832395945,0.0,0,cyclicDep,86663,smell
sitewhere-1.13.0,75ad5bf9-e533-4c8a-9a12-180e729e4464,1,2023-02-10T21:49:50.816104100,49.127383171949056,8.617513075705425,0.0,CONTAINER,PACKAGE,"[com.sitewhere.spi.server, com.sitewhere.spi.device.event, com.sitewhere.spi.tenant, com.sitewhere.spi.device.batch, com.sitewhere.spi.device, com.sitewhere.spi.device.event.processor, com.sitewhere.spi.server.lifecycle, com.sitewhere.spi.device.event.processor.multicast, com.sitewhere.rest.model, com.sitewhere.spi.search, com.sitewhere.spi.device.communication]",30943;31860;31727;31121;31003;30481;31747;31102;30644;31413;31041,0.0,,0.0,0.0,0.0,4.818181818181818,3.109090909090909,42,8.993609362754317E-5,1,6.093501932795047,CIRCLE,11,65,2,0.9359663764533637,1.3027624812852987,0.0,0,cyclicDep,86680,smell
sitewhere-1.13.0,75ad5bf9-e533-4c8a-9a12-180e729e4464,1,2023-02-10T21:49:50.816104100,12.943092073345309,5.788326743007761,0.0,CONTAINER,PACKAGE,"[com.sitewhere.spi.device.event, com.sitewhere.spi.device.event.processor, com.sitewhere.spi.device.event.processor.multicast, com.sitewhere.spi.device.communication]",30943;31860;31727;31967,0.0,,0.0,0.0,0.0,5.75,4.666666666666667,7,6.863868850551854E-5,1,5.788326743007761,CIRCLE,4,5,1,0.82915619758885,1.4907119849998596,0.0,0,cyclicDep,86695,smell
sitewhere-1.13.0,75ad5bf9-e533-4c8a-9a12-180e729e4464,1,2023-02-10T21:49:50.816104100,50.90294443682697,9.706810640592312,0.0,CONTAINER,PACKAGE,"[com.sitewhere.spi.server, com.sitewhere.spi.device.event, com.sitewhere.spi.tenant, com.sitewhere.spi.device.event.processor, com.sitewhere.spi.device.event.processor.multicast, com.sitewhere.spi.server.lifecycle, com.sitewhere.rest.model, com.sitewhere.spi.search, com.sitewhere.spi.device.communication]",30943;31860;31727;31121;31003;30481;31747;31102;31294,0.0,,0.0,0.0,0.0,4.888888888888889,3.361111111111111,28,8.489877785986545E-5,1,6.863751627656559,CIRCLE,9,55,2,0.9938079899999066,1.2726345765505898,0.0,0,cyclicDep,86703,smell
sitewhere-1.13.0,75ad5bf9-e533-4c8a-9a12-180e729e4464,1,2023-02-10T21:49:50.816104100,72.9090291070551,12.04052987961162,0.0,CONTAINER,PACKAGE,"[com.sitewhere.spi.server, com.sitewhere.spi.device.batch, com.sitewhere.spi.device.event.processor.routing, com.sitewhere.spi, com.sitewhere.spi.device.event.processor, com.sitewhere.spi.device.communication, com.sitewhere.spi.device.event, com.sitewhere.spi.tenant, com.sitewhere.rest, com.sitewhere.spi.device, com.sitewhere.spi.server.lifecycle, com.sitewhere.rest.model, com.sitewhere.spi.search]",31898;31860;31727;31121;31003;30481;31747;31102;30644;31413;30571;30597;31821,0.0,,0.0,0.0,0.0,4.538461538461538,2.6923076923076925,59,1.2968406568389902E-4,1,6.951603167179502,CIRCLE,13,110,3,1.08240363688233,1.3426694832395945,0.0,0,cyclicDep,86716,smell
sitewhere-1.13.0,75ad5bf9-e533-4c8a-9a12-180e729e4464,1,2023-02-10T21:49:50.816104100,49.127383171949056,8.617513075705425,0.0,CONTAINER,PACKAGE,"[com.sitewhere.spi.server, com.sitewhere.spi.device.event, com.sitewhere.spi.tenant, com.sitewhere.spi.device.event.processor.routing, com.sitewhere.spi.device.batch, com.sitewhere.spi.device, com.sitewhere.spi.device.event.processor, com.sitewhere.spi.server.lifecycle, com.sitewhere.rest.model, com.sitewhere.spi.search, com.sitewhere.spi.device.communication]",31898;31860;31727;31121;31003;30481;31747;31102;30644;31413;31982,0.0,,0.0,0.0,0.0,4.818181818181818,3.109090909090909,42,8.994513886650938E-5,1,6.093501932795047,CIRCLE,11,65,2,0.9359663764533637,1.3027624812852987,0.0,0,cyclicDep,86733,smell
sitewhere-1.13.0,75ad5bf9-e533-4c8a-9a12-180e729e4464,1,2023-02-10T21:49:50.816104100,12.943092073345309,5.788326743007761,0.0,CONTAINER,PACKAGE,"[com.sitewhere.spi.device.event, com.sitewhere.spi.device.event.processor.routing, com.sitewhere.spi.device.event.processor, com.sitewhere.spi.device.communication]",31898;31860;31727;30512,0.0,,0.0,0.0,0.0,5.75,4.666666666666667,7,6.866356291267565E-5,1,5.788326743007761,CIRCLE,4,5,1,0.82915619758885,1.4907119849998596,0.0,0,cyclicDep,86748,smell
sitewhere-1.13.0,75ad5bf9-e533-4c8a-9a12-180e729e4464,1,2023-02-10T21:49:50.816104100,50.90294443682697,9.706810640592312,0.0,CONTAINER,PACKAGE,"[com.sitewhere.spi.server, com.sitewhere.spi.device.event, com.sitewhere.spi.tenant, com.sitewhere.spi.device.event.processor.routing, com.sitewhere.spi.device.event.processor, com.sitewhere.spi.server.lifecycle, com.sitewhere.rest.model, com.sitewhere.spi.search, com.sitewhere.spi.device.communication]",31898;31860;31727;31121;31003;30481;31747;31102;31874,0.0,,0.0,0.0,0.0,4.888888888888889,3.361111111111111,28,8.490983315193528E-5,1,6.863751627656559,CIRCLE,9,55,2,0.9938079899999066,1.2726345765505898,0.0,0,cyclicDep,86756,smell
sitewhere-1.13.0,75ad5bf9-e533-4c8a-9a12-180e729e4464,1,2023-02-10T21:49:50.816104100,24.230673677635142,5.558897783932769,0.0,CONTAINER,PACKAGE,"[com.sitewhere.spi.device.event, com.sitewhere.spi.device.event.processor, com.sitewhere.spi.device.event.request, com.sitewhere.spi.device.communication]",31460;31860;31727;30801,0.0,,0.0,0.0,0.0,5.5,3.1666666666666665,9,8.876006633640219E-5,1,5.558897783932769,CIRCLE,4,19,1,0.5,1.2133516482134197,0.0,0,cyclicDep,86769,smell
sitewhere-1.13.0,75ad5bf9-e533-4c8a-9a12-180e729e4464,1,2023-02-10T21:49:50.816104100,36.92450474346916,5.221913539212376,0.0,CONTAINER,PACKAGE,"[com.sitewhere.spi.server, com.sitewhere.spi.device.event, com.sitewhere.spi.device.event.processor, com.sitewhere.rest.model, com.sitewhere.spi.device.communication]",31860;31727;31121;31003;31931,0.0,,0.0,0.0,0.0,4.8,3.3,13,8.026767731211484E-5,1,5.221913539212376,CIRCLE,5,50,1,0.7483314773547882,0.9,0.0,0,cyclicDep,86777,smell
sitewhere-1.13.0,75ad5bf9-e533-4c8a-9a12-180e729e4464,1,2023-02-10T21:49:50.816104100,44.088637842913755,8.331969383995785,0.0,CONTAINER,PACKAGE,"[com.sitewhere.spi.server, com.sitewhere.spi.device.event, com.sitewhere.spi.tenant, com.sitewhere.spi.device.event.processor, com.sitewhere.spi.server.lifecycle, com.sitewhere.rest.model, com.sitewhere.spi.search, com.sitewhere.spi.device.communication]",31860;31727;31121;31003;30481;31747;31102;31267,0.0,,0.0,0.0,0.0,4.625,2.892857142857143,25,9.454803641511386E-5,1,5.891592052062121,CIRCLE,8,56,2,0.6959705453537527,0.8999716548824395,0.0,0,cyclicDep,86786,smell
sitewhere-1.13.0,75ad5bf9-e533-4c8a-9a12-180e729e4464,1,2023-02-10T21:49:50.816104100,62.35562276041638,10.344821453897104,0.0,CONTAINER,PACKAGE,"[com.sitewhere.spi.server, com.sitewhere.spi.device.event, com.sitewhere.spi.tenant, com.sitewhere.spi.device.batch, com.sitewhere.spi, com.sitewhere.rest, com.sitewhere.spi.device, com.sitewhere.spi.device.presence, com.sitewhere.spi.server.lifecycle, com.sitewhere.rest.model, com.sitewhere.spi.search, com.sitewhere.spi.device.communication]",31655;31727;31121;31003;30481;31747;31102;30644;31413;30571;30597;32119,0.0,,0.0,0.0,0.0,4.25,2.106060606060606,51,1.383674271313954E-4,1,5.972585451126109,CIRCLE,12,109,3,0.7216878364870323,0.8188829767801006,0.0,0,cyclicDep,86798,smell
sitewhere-1.13.0,75ad5bf9-e533-4c8a-9a12-180e729e4464,1,2023-02-10T21:49:50.816104100,48.63047431208985,8.66469397295959,0.0,CONTAINER,PACKAGE,"[com.sitewhere.spi.server, com.sitewhere.spi.device.event, com.sitewhere.spi.tenant, com.sitewhere.spi.device.batch, com.sitewhere.spi.device, com.sitewhere.spi.device.presence, com.sitewhere.spi.server.lifecycle, com.sitewhere.rest.model, com.sitewhere.spi.search, com.sitewhere.spi.device.communication]",31655;31727;31121;31003;30481;31747;31102;30644;31413;31904,0.0,,0.0,0.0,0.0,4.5,2.3555555555555556,35,9.639127992176608E-5,1,6.126863865185934,CIRCLE,10,63,2,0.5,0.7350149070462768,0.0,0,cyclicDep,86814,smell
sitewhere-1.13.0,75ad5bf9-e533-4c8a-9a12-180e729e4464,1,2023-02-10T21:49:50.816104100,43.62637281372566,8.395899362590495,0.0,CONTAINER,PACKAGE,"[com.sitewhere.spi.server, com.sitewhere.spi.device.event, com.sitewhere.spi.tenant, com.sitewhere.spi.device.presence, com.sitewhere.spi.server.lifecycle, com.sitewhere.rest.model, com.sitewhere.spi.search, com.sitewhere.spi.device.communication]",31655;31727;31121;31003;30481;31747;31102;31208,0.0,,0.0,0.0,0.0,4.5,2.5,22,9.23380962566844E-5,1,5.93679737344755,CIRCLE,8,54,2,0.5,0.7319250547113999,0.0,0,cyclicDep,86828,smell
sitewhere-1.13.0,75ad5bf9-e533-4c8a-9a12-180e729e4464,1,2023-02-10T21:49:50.816104100,62.35562276041638,10.344821453897104,0.0,CONTAINER,PACKAGE,"[com.sitewhere.spi.server, com.sitewhere.spi.device.event, com.sitewhere.spi.device.symbology, com.sitewhere.spi.tenant, com.sitewhere.spi.device.batch, com.sitewhere.spi, com.sitewhere.rest, com.sitewhere.spi.device, com.sitewhere.spi.server.lifecycle, com.sitewhere.rest.model, com.sitewhere.spi.search, com.sitewhere.spi.device.communication]",31334;31727;31121;31003;30481;31747;31102;30644;31413;30571;30597;30828,0.0,,0.0,0.0,0.0,4.25,2.106060606060606,51,1.3841631713334363E-4,1,5.972585451126109,CIRCLE,12,109,3,0.7216878364870323,0.8188829767801006,0.0,0,cyclicDep,86840,smell
sitewhere-1.13.0,75ad5bf9-e533-4c8a-9a12-180e729e4464,1,2023-02-10T21:49:50.816104100,51.26102084017132,8.66469397295959,0.0,CONTAINER,PACKAGE,"[com.sitewhere.spi.server, com.sitewhere.spi.device.event, com.sitewhere.spi.device.symbology, com.sitewhere.spi.tenant, com.sitewhere.spi.device.batch, com.sitewhere.spi.device, com.sitewhere.spi.server.lifecycle, com.sitewhere.rest.model, com.sitewhere.spi.search, com.sitewhere.spi.device.communication]",31334;31727;31121;31003;30481;31747;31102;30644;31413;30602,0.0,,0.0,0.0,0.0,4.5,2.3555555555555556,35,9.644994792410397E-5,1,6.126863865185934,CIRCLE,10,70,2,0.5,0.7350149070462768,0.0,0,cyclicDep,86856,smell
sitewhere-1.13.0,75ad5bf9-e533-4c8a-9a12-180e729e4464,1,2023-02-10T21:49:50.816104100,44.02846769915522,8.395899362590495,0.0,CONTAINER,PACKAGE,"[com.sitewhere.spi.server, com.sitewhere.spi.device.event, com.sitewhere.spi.device.symbology, com.sitewhere.spi.tenant, com.sitewhere.spi.server.lifecycle, com.sitewhere.rest.model, com.sitewhere.spi.search, com.sitewhere.spi.device.communication]",31334;31727;31121;31003;30481;31747;31102;31061,0.0,,0.0,0.0,0.0,4.5,2.5,22,9.241143125960673E-5,1,5.93679737344755,CIRCLE,8,55,2,0.5,0.7319250547113999,0.0,0,cyclicDep,86870,smell
sitewhere-1.13.0,75ad5bf9-e533-4c8a-9a12-180e729e4464,1,2023-02-10T21:49:50.816104100,35.40701705452231,5.110562706907532,0.0,CONTAINER,PACKAGE,"[com.sitewhere.spi.server, com.sitewhere.spi.device.event, com.sitewhere.rest.model, com.sitewhere.spi.device.communication]",31727;31121;31003;31384,0.0,,0.0,0.0,0.0,4.5,2.8333333333333335,9,9.392273528026487E-5,1,5.110562706907532,CIRCLE,4,48,1,0.5,0.8975274678557507,0.0,0,cyclicDep,86882,smell
sitewhere-1.13.0,75ad5bf9-e533-4c8a-9a12-180e729e4464,1,2023-02-10T21:49:50.816104100,42.05362334533444,7.058123352047021,0.0,CONTAINER,PACKAGE,"[com.sitewhere.spi.server, com.sitewhere.spi.device.event, com.sitewhere.spi.tenant, com.sitewhere.spi.server.lifecycle, com.sitewhere.rest.model, com.sitewhere.spi.search, com.sitewhere.spi.device.communication]",31727;31121;31003;30481;31747;31102;31238,0.0,,0.0,0.0,0.0,4.428571428571429,2.5238095238095237,20,1.043909779830566E-4,1,4.990846884683574,CIRCLE,7,71,2,0.4948716593053935,0.7315376902732008,0.0,0,cyclicDep,86890,smell
sitewhere-1.13.0,75ad5bf9-e533-4c8a-9a12-180e729e4464,1,2023-02-10T21:49:50.816104100,40.97463737956444,6.5611930364225675,0.0,CONTAINER,PACKAGE,"[com.sitewhere.spi.server, com.sitewhere.spi.device.event, com.sitewhere.rest.model, com.sitewhere.spi.search]",31121;31003;30481;31220,0.0,,0.0,0.0,0.0,4.25,2.6666666666666665,8,1.062253264042849E-4,1,4.639464088728351,CIRCLE,4,78,2,0.4330127018922193,0.7453559924999298,0.0,0,cyclicDep,86901,smell
sitewhere-1.13.0,75ad5bf9-e533-4c8a-9a12-180e729e4464,1,2023-02-10T21:49:50.816104100,33.94960558020005,4.9002034801525305,0.0,CONTAINER,PACKAGE,"[com.sitewhere.spi.server, com.sitewhere.spi.device.event, com.sitewhere.rest.model]",31121;31003;31428,0.0,,0.0,0.0,0.0,4.333333333333333,3.0,5,1.1156181330063724E-4,1,4.9002034801525305,CIRCLE,3,48,1,0.4714045207910317,0.816496580927726,0.0,0,cyclicDep,86909,smell
sitewhere-1.13.0,75ad5bf9-e533-4c8a-9a12-180e729e4464,1,2023-02-10T21:49:50.816104100,35.38909674560493,4.907584727255168,0.0,CONTAINER,PACKAGE,"[com.sitewhere.spi.server, com.sitewhere.spi.device.event, com.sitewhere.spi.tenant, com.sitewhere.spi.server.lifecycle, com.sitewhere.rest.model, com.sitewhere.spi.search]",31121;31003;30481;31747;31102;32027,0.0,,0.0,0.0,0.0,4.333333333333333,2.533333333333333,15,1.1495522411037473E-4,1,4.907584727255168,CIRCLE,6,52,1,0.4714045207910317,0.7180219742846006,0.0,0,cyclicDep,86916,smell
sitewhere-1.13.0,75ad5bf9-e533-4c8a-9a12-180e729e4464,1,2023-02-10T21:49:50.816104100,48.697003569496665,8.676547767598295,0.0,CONTAINER,PACKAGE,"[com.sitewhere.spi.server, com.sitewhere.spi.tenant, com.sitewhere.spi.device.batch, com.sitewhere.spi, com.sitewhere.rest, com.sitewhere.spi.device, com.sitewhere.spi.server.lifecycle, com.sitewhere.spi.search]",30481;31747;31102;30644;31413;30571;30597;30965,0.0,,0.0,0.0,0.0,4.0,1.75,25,1.7452006721730155E-4,1,6.135245763757754,CIRCLE,8,63,2,0.7071067811865476,0.6338656910463875,0.0,0,cyclicDep,86932,smell
sitewhere-1.13.0,75ad5bf9-e533-4c8a-9a12-180e729e4464,1,2023-02-10T21:49:50.816104100,50.05381892614232,8.918297205773605,0.0,CONTAINER,PACKAGE,"[com.sitewhere.spi.server, com.sitewhere.spi.asset, com.sitewhere.spi.tenant, com.sitewhere.spi.device.batch, com.sitewhere.spi, com.sitewhere.rest, com.sitewhere.spi.device, com.sitewhere.spi.server.lifecycle, com.sitewhere.spi.search]",31924;30481;31747;31102;30644;31413;30571;30597;31180,0.0,,0.0,0.0,0.0,4.0,1.8055555555555556,29,1.5960741347827E-4,1,6.306188430839555,CIRCLE,9,63,2,0.6666666666666666,0.56859693029052,0.0,0,cyclicDep,86944,smell
sitewhere-1.13.0,75ad5bf9-e533-4c8a-9a12-180e729e4464,1,2023-02-10T21:49:50.816104100,20.383330933870667,9.608794351006315,0.0,CONTAINER,PACKAGE,"[com.sitewhere.spi.asset, com.sitewhere.spi.asset.request]",31160;32107,0.0,,0.0,0.0,0.0,4.5,4.0,2,2.7143099979173477E-5,1,6.794443644623556,TINY,2,9,2,0.5,0.0,0.0,0,cyclicDep,86957,smell
sitewhere-1.13.0,75ad5bf9-e533-4c8a-9a12-180e729e4464,1,2023-02-10T21:49:50.816104100,12.054371699616294,4.018123899872098,0.0,CONTAINER,PACKAGE,"[com.sitewhere.spi.server, com.sitewhere.spi.asset, com.sitewhere.spi.search]",31924;30481;30443,0.0,,0.0,0.0,0.0,4.0,2.0,4,8.331077557868389E-5,1,4.018123899872098,CIRCLE,3,9,1,0.0,0.0,0.0,0,cyclicDep,86963,smell
sitewhere-1.13.0,75ad5bf9-e533-4c8a-9a12-180e729e4464,1,2023-02-10T21:49:50.816104100,18.294243225826676,4.723553289672971,0.0,CONTAINER,PACKAGE,"[com.sitewhere.spi.server, com.sitewhere.spi.asset, com.sitewhere.spi.tenant, com.sitewhere.spi.server.lifecycle, com.sitewhere.spi.search]",31924;30481;31747;31102;31408,0.0,,0.0,0.0,0.0,4.2,2.0,11,1.0295247315623208E-4,1,4.723553289672971,CIRCLE,5,15,1,0.39999999999999997,0.0,0.0,0,cyclicDep,86970,smell
sitewhere-1.13.0,75ad5bf9-e533-4c8a-9a12-180e729e4464,1,2023-02-10T21:49:50.816104100,49.65497735943284,8.918297205773605,0.0,CONTAINER,PACKAGE,"[com.sitewhere.spi.server, com.sitewhere.spi.tenant, com.sitewhere.spi.device.batch, com.sitewhere.spi.configuration, com.sitewhere.spi, com.sitewhere.rest, com.sitewhere.spi.device, com.sitewhere.spi.server.lifecycle, com.sitewhere.spi.search]",31378;30481;31747;31102;30644;31413;30571;30597;30897,0.0,,0.0,0.0,0.0,4.0,1.8055555555555556,27,1.5659810470297782E-4,1,6.306188430839555,CIRCLE,9,62,2,0.6666666666666666,0.56859693029052,0.0,0,cyclicDep,86979,smell
sitewhere-1.13.0,75ad5bf9-e533-4c8a-9a12-180e729e4464,1,2023-02-10T21:49:50.816104100,53.88009757177124,12.61237686167911,0.0,CONTAINER,PACKAGE,"[com.sitewhere.spi.server, com.sitewhere.spi.resource, com.sitewhere.spi.tenant, com.sitewhere.spi.device.batch, com.sitewhere.spi.configuration, com.sitewhere.spi, com.sitewhere.rest, com.sitewhere.spi.device, com.sitewhere.spi.server.lifecycle, com.sitewhere.spi.search]",31848;31378;30481;31747;31102;30644;31413;30571;30597;30880,0.0,,0.0,0.0,0.0,4.0,1.8444444444444446,31,1.443535555499582E-4,1,6.306188430839555,CIRCLE,10,73,4,0.6324555320336759,0.51448164012401,0.0,0,cyclicDep,86992,smell
sitewhere-1.13.0,75ad5bf9-e533-4c8a-9a12-180e729e4464,1,2023-02-10T21:49:50.816104100,11.768321601651454,6.794443644623556,0.0,CONTAINER,PACKAGE,"[com.sitewhere.spi.resource, com.sitewhere.spi.resource.request]",31869;31801,0.0,,0.0,0.0,0.0,4.5,4.0,2,2.569227833234867E-5,1,6.794443644623556,TINY,2,3,1,0.5,0.0,0.0,0,cyclicDep,87006,smell
sitewhere-1.13.0,75ad5bf9-e533-4c8a-9a12-180e729e4464,1,2023-02-10T21:49:50.816104100,20.04033937454269,8.181434289972696,0.0,CONTAINER,PACKAGE,"[com.sitewhere.spi.server, com.sitewhere.spi.resource, com.sitewhere.spi.tenant, com.sitewhere.spi.configuration, com.sitewhere.spi.server.lifecycle, com.sitewhere.spi.search]",31848;31378;30481;31747;31102;30613,0.0,,0.0,0.0,0.0,4.166666666666667,2.0,12,8.697186666271874E-5,1,4.723553289672971,CIRCLE,6,18,3,0.37267799624996495,0.0,0.0,0,cyclicDep,87012,smell
sitewhere-1.13.0,75ad5bf9-e533-4c8a-9a12-180e729e4464,1,2023-02-10T21:49:50.816104100,21.603622452504354,4.830716836404045,0.0,CONTAINER,PACKAGE,"[com.sitewhere.spi.server, com.sitewhere.spi.tenant, com.sitewhere.spi.device.batch, com.sitewhere.spi.device, com.sitewhere.spi.server.lifecycle, com.sitewhere.spi.search]",30481;31747;31102;30644;31413;31770,0.0,,0.0,0.0,0.0,4.333333333333333,2.0,15,1.1661070189655474E-4,1,4.830716836404045,CIRCLE,6,20,1,0.4714045207910317,0.3651483716701107,0.0,0,cyclicDep,87022,smell
sitewhere-1.13.0,75ad5bf9-e533-4c8a-9a12-180e729e4464,1,2023-02-10T21:49:50.816104100,50.05381892614232,8.918297205773605,0.0,CONTAINER,PACKAGE,"[com.sitewhere.spi.server, com.sitewhere.spi.scheduling, com.sitewhere.spi.tenant, com.sitewhere.spi.device.batch, com.sitewhere.spi, com.sitewhere.rest, com.sitewhere.spi.device, com.sitewhere.spi.server.lifecycle, com.sitewhere.spi.search]",30845;30481;31747;31102;30644;31413;30571;30597;31125,0.0,,0.0,0.0,0.0,4.0,1.8055555555555556,29,1.5835692952429178E-4,1,6.306188430839555,CIRCLE,9,63,2,0.6666666666666666,0.56859693029052,0.0,0,cyclicDep,87032,smell
sitewhere-1.13.0,75ad5bf9-e533-4c8a-9a12-180e729e4464,1,2023-02-10T21:49:50.816104100,17.97640818071725,9.608794351006315,0.0,CONTAINER,PACKAGE,"[com.sitewhere.spi.scheduling, com.sitewhere.spi.scheduling.request]",31968;30672,0.0,,0.0,0.0,0.0,4.5,4.0,2,2.0468426636140605E-5,1,6.794443644623556,TINY,2,7,2,0.5,0.0,0.0,0,cyclicDep,87045,smell
sitewhere-1.13.0,75ad5bf9-e533-4c8a-9a12-180e729e4464,1,2023-02-10T21:49:50.816104100,11.364970628989187,4.018123899872098,0.0,CONTAINER,PACKAGE,"[com.sitewhere.spi.server, com.sitewhere.spi.scheduling, com.sitewhere.spi.search]",30845;30481;31212,0.0,,0.0,0.0,0.0,4.0,2.0,4,7.955932371674915E-5,1,4.018123899872098,CIRCLE,3,8,1,0.0,0.0,0.0,0,cyclicDep,87051,smell
sitewhere-1.13.0,75ad5bf9-e533-4c8a-9a12-180e729e4464,1,2023-02-10T21:49:50.816104100,14.170659869018913,4.723553289672971,0.0,CONTAINER,PACKAGE,"[com.sitewhere.spi.server, com.sitewhere.spi.scheduling, com.sitewhere.spi.tenant, com.sitewhere.spi.server.lifecycle, com.sitewhere.spi.search]",30845;30481;31747;31102;31651,0.0,,0.0,0.0,0.0,4.2,2.0,11,1.0070160203907126E-4,1,4.723553289672971,CIRCLE,5,9,1,0.39999999999999997,0.0,0.0,0,cyclicDep,87058,smell
sitewhere-1.13.0,75ad5bf9-e533-4c8a-9a12-180e729e4464,1,2023-02-10T21:49:50.816104100,50.45561628961838,9.062096202643973,0.0,CONTAINER,PACKAGE,"[com.sitewhere.spi.server, com.sitewhere.spi.search.external, com.sitewhere.spi.tenant, com.sitewhere.spi.device.batch, com.sitewhere.spi, com.sitewhere.rest, com.sitewhere.spi.device, com.sitewhere.spi.server.lifecycle, com.sitewhere.spi.search]",31691;30481;31747;31102;30644;31413;30571;30597;31999,0.0,,0.0,0.0,0.0,4.111111111111111,2.111111111111111,29,1.5687955694098057E-4,1,6.407869676654415,CIRCLE,9,62,2,0.7370277311900889,1.021376461713902,0.0,0,cyclicDep,87073,smell
sitewhere-1.13.0,75ad5bf9-e533-4c8a-9a12-180e729e4464,1,2023-02-10T21:49:50.816104100,9.30897140642484,4.65448570321242,0.0,CONTAINER,PACKAGE,"[com.sitewhere.spi.server, com.sitewhere.spi.search.external, com.sitewhere.spi.search]",31691;30481;30757,0.0,,0.0,0.0,0.0,4.333333333333333,3.3333333333333335,4,7.512720596681558E-5,1,4.65448570321242,CIRCLE,3,4,1,0.4714045207910317,0.9428090415820634,0.0,0,cyclicDep,87086,smell
sitewhere-1.13.0,75ad5bf9-e533-4c8a-9a12-180e729e4464,1,2023-02-10T21:49:50.816104100,13.342595886507645,4.717320014990645,0.0,CONTAINER,PACKAGE,"[com.sitewhere.spi.server, com.sitewhere.spi.search.external, com.sitewhere.spi.tenant, com.sitewhere.spi.server.lifecycle, com.sitewhere.spi.search]",31691;30481;31747;31102;30822,0.0,,0.0,0.0,0.0,4.4,2.8,11,9.804233138911112E-5,1,4.717320014990645,CIRCLE,5,8,1,0.4898979485566356,0.9797958971132712,0.0,0,cyclicDep,87093,smell
sitewhere-1.13.0,75ad5bf9-e533-4c8a-9a12-180e729e4464,1,2023-02-10T21:49:50.816104100,13.921356372418568,4.6404521241395225,0.0,CONTAINER,PACKAGE,"[com.sitewhere.spi.server, com.sitewhere.spi.server.groovy, com.sitewhere.spi.tenant, com.sitewhere.spi.server.lifecycle, com.sitewhere.spi.search]",31627;30481;31747;31102;31946,0.0,,0.0,0.0,0.0,4.4,1.9,10,9.833043254888118E-5,1,4.6404521241395225,CIRCLE,5,9,1,0.4898979485566356,0.3,0.0,0,cyclicDep,87102,smell
sitewhere-1.13.0,75ad5bf9-e533-4c8a-9a12-180e729e4464,1,2023-02-10T21:49:50.816104100,12.277482291374607,4.6404521241395225,0.0,CONTAINER,PACKAGE,"[com.sitewhere.spi.server, com.sitewhere.spi.tenant, com.sitewhere.spi.server.hazelcast, com.sitewhere.spi.server.lifecycle, com.sitewhere.spi.search]",31548;30481;31747;31102;31963,0.0,,0.0,0.0,0.0,4.4,2.0,10,9.716478784903625E-5,1,4.6404521241395225,CIRCLE,5,7,1,0.4898979485566356,0.0,0.0,0,cyclicDep,87111,smell
sitewhere-1.13.0,75ad5bf9-e533-4c8a-9a12-180e729e4464,1,2023-02-10T21:49:50.816104100,16.061533907814223,4.292625499220944,0.0,CONTAINER,PACKAGE,"[com.sitewhere.spi.server, com.sitewhere.spi.tenant, com.sitewhere.spi.server.lifecycle, com.sitewhere.spi.search]",30481;31747;31102;30575,0.0,,0.0,0.0,0.0,4.25,2.0,8,1.1861404555378565E-4,1,4.292625499220944,CIRCLE,4,14,1,0.4330127018922193,0.0,0.0,0,cyclicDep,87120,smell
sitewhere-1.13.0,75ad5bf9-e533-4c8a-9a12-180e729e4464,1,2023-02-10T21:49:50.816104100,50.44950744671644,8.918297205773605,0.0,CONTAINER,PACKAGE,"[com.sitewhere.spi.server, com.sitewhere.spi.tenant, com.sitewhere.spi.device.batch, com.sitewhere.spi, com.sitewhere.rest, com.sitewhere.spi.device, com.sitewhere.spi.server.lifecycle, com.sitewhere.spi.search, com.sitewhere.spi.server.tenant]",31504;30481;31747;31102;30644;31413;30571;30597;31204,0.0,,0.0,0.0,0.0,4.111111111111111,1.8333333333333333,31,1.565066497619451E-4,1,6.306188430839555,CIRCLE,9,64,2,0.7370277311900889,0.6009252125773316,0.0,0,cyclicDep,87128,smell
sitewhere-1.13.0,75ad5bf9-e533-4c8a-9a12-180e729e4464,1,2023-02-10T21:49:50.816104100,21.419537844797336,4.913978993832451,0.0,CONTAINER,PACKAGE,"[com.sitewhere.spi.server, com.sitewhere.spi.tenant, com.sitewhere.spi.device.batch, com.sitewhere.spi.device, com.sitewhere.spi.server.lifecycle, com.sitewhere.spi.search, com.sitewhere.spi.server.tenant]",31504;30481;31747;31102;30644;31413;31365,0.0,,0.0,0.0,0.0,4.428571428571429,2.0476190476190474,20,1.0172336021406026E-4,1,4.913978993832451,CIRCLE,7,19,1,0.4948716593053935,0.3749527559053243,0.0,0,cyclicDep,87141,smell
sitewhere-1.13.0,75ad5bf9-e533-4c8a-9a12-180e729e4464,1,2023-02-10T21:49:50.816104100,17.972393795665205,4.6404521241395225,0.0,CONTAINER,PACKAGE,"[com.sitewhere.spi.server, com.sitewhere.spi.tenant, com.sitewhere.spi.server.lifecycle, com.sitewhere.spi.search, com.sitewhere.spi.server.tenant]",31504;30481;31747;31102;30758,0.0,,0.0,0.0,0.0,4.4,2.0,12,9.737109846684721E-5,1,4.6404521241395225,CIRCLE,5,15,1,0.4898979485566356,0.0,0.0,0,cyclicDep,87158,smell
sitewhere-1.13.0,75ad5bf9-e533-4c8a-9a12-180e729e4464,1,2023-02-10T21:49:50.816104100,12.877876497662832,4.292625499220944,0.0,CONTAINER,PACKAGE,"[com.sitewhere.spi.server, com.sitewhere.spi.tenant, com.sitewhere.spi.search, com.sitewhere.spi.server.tenant]",31504;30481;31747;32175,0.0,,0.0,0.0,0.0,4.25,2.0,8,7.329963480784612E-5,1,4.292625499220944,CIRCLE,4,9,1,0.4330127018922193,0.0,0.0,0,cyclicDep,87167,smell
sitewhere-1.13.0,75ad5bf9-e533-4c8a-9a12-180e729e4464,1,2023-02-10T21:49:50.816104100,17.812802535250096,4.086537165915804,0.0,CONTAINER,PACKAGE,"[com.sitewhere.spi.server, com.sitewhere.spi.tenant, com.sitewhere.spi.search]",30481;31747;31181,0.0,,0.0,0.0,0.0,4.0,2.0,5,9.359974303743034E-5,1,4.086537165915804,CIRCLE,3,19,1,0.0,0.0,0.0,0,cyclicDep,87175,smell
sitewhere-1.13.0,75ad5bf9-e533-4c8a-9a12-180e729e4464,1,2023-02-10T21:49:50.816104100,49.65497735943284,8.918297205773605,0.0,CONTAINER,PACKAGE,"[com.sitewhere.spi.server, com.sitewhere.spi.tenant, com.sitewhere.spi.device.batch, com.sitewhere.spi, com.sitewhere.rest, com.sitewhere.spi.user, com.sitewhere.spi.device, com.sitewhere.spi.server.lifecycle, com.sitewhere.spi.search]",31966;30481;31747;31102;30644;31413;30571;30597;30746,0.0,,0.0,0.0,0.0,4.0,1.8055555555555556,28,1.5804879792692087E-4,1,6.306188430839555,CIRCLE,9,62,2,0.6666666666666666,0.56859693029052,0.0,0,cyclicDep,87182,smell
sitewhere-1.13.0,75ad5bf9-e533-4c8a-9a12-180e729e4464,1,2023-02-10T21:49:50.816104100,12.497347309035723,4.723553289672971,0.0,CONTAINER,PACKAGE,"[com.sitewhere.spi.server, com.sitewhere.spi.tenant, com.sitewhere.spi.user, com.sitewhere.spi.server.lifecycle, com.sitewhere.spi.search]",31966;30481;31747;31102;32138,0.0,,0.0,0.0,0.0,4.2,2.0,10,1.0014696516380364E-4,1,4.723553289672971,CIRCLE,5,7,1,0.39999999999999997,0.0,0.0,0,cyclicDep,87195,smell
sitewhere-1.13.0,75ad5bf9-e533-4c8a-9a12-180e729e4464,1,2023-02-10T21:49:50.816104100,15.192837858669694,9.608794351006315,0.0,CONTAINER,PACKAGE,"[com.sitewhere.spi.user.request, com.sitewhere.spi.user]",31511;31685,0.0,,0.0,0.0,0.0,4.5,4.0,2,1.9146496369373446E-5,1,6.794443644623556,TINY,2,5,2,0.5,0.0,0.0,0,cyclicDep,87204,smell
sitewhere-1.13.0,75ad5bf9-e533-4c8a-9a12-180e729e4464,1,2023-02-10T21:49:50.816104100,9.70107194972731,5.600916501602991,0.0,CONTAINER,PACKAGE,"[com.sitewhere.spi.tenant, com.sitewhere.spi.server.lifecycle]",31102;31440,0.0,,0.0,0.0,0.0,4.5,2.0,2,1.324150195225544E-4,1,5.600916501602991,TINY,2,3,1,0.5,0.0,0.0,0,cyclicDep,87210,smell
sitewhere-1.13.0,75ad5bf9-e533-4c8a-9a12-180e729e4464,1,2023-02-10T21:49:50.816104100,38.28330042868941,9.646484981055677,0.0,CONTAINER,PACKAGE,"[com.sitewhere.spi, com.sitewhere.rest.model.device, com.sitewhere.rest.model.asset]",30472;31372;30969,0.0,,0.0,0.0,0.0,4.333333333333333,2.3333333333333335,4,2.4289137407594659E-4,1,4.823242490527838,CIRCLE,3,63,4,0.9428090415820634,0.9428090415820634,0.0,0,cyclicDep,87234,smell
sitewhere-1.13.0,75ad5bf9-e533-4c8a-9a12-180e729e4464,1,2023-02-10T21:49:50.816104100,42.53535481278349,15.60620861618966,0.0,CONTAINER,PACKAGE,"[com.sitewhere.rest.model.device.command, com.sitewhere.spi, com.sitewhere.rest.model.device, com.sitewhere.rest.model.device.event]",31176;31737;31372;31183,0.0,,0.0,0.0,0.0,5.0,2.3333333333333335,8,2.0462770726681215E-4,1,5.898592415290186,CIRCLE,4,52,7,1.224744871391589,1.4907119849998598,0.0,0,cyclicDep,87241,smell
sitewhere-1.13.0,75ad5bf9-e533-4c8a-9a12-180e729e4464,1,2023-02-10T21:49:50.816104100,28.74693311325879,14.027067061137931,0.0,CONTAINER,PACKAGE,"[com.sitewhere.rest.model.device.event.request, com.sitewhere.rest.model.device.event]",30966;32006,0.0,,0.0,0.0,0.0,6.5,4.0,2,5.1683249911136734E-5,1,6.273095094730522,TINY,2,21,5,0.5,0.0,0.0,0,cyclicDep,87249,smell
sitewhere-1.13.0,75ad5bf9-e533-4c8a-9a12-180e729e4464,1,2023-02-10T21:49:50.816104100,54.468028452132685,20.72197770423498,0.0,CONTAINER,PACKAGE,"[com.sitewhere.rest.model.device.event.request, com.sitewhere.spi, com.sitewhere.rest.model.device, com.sitewhere.rest.model.device.event]",30966;31737;31372;30974,0.0,,0.0,0.0,0.0,5.25,3.1666666666666665,9,2.0398005667064732E-4,1,6.247911359914329,CIRCLE,4,76,11,1.479019945774904,1.3437096247164249,0.0,0,cyclicDep,87255,smell
sitewhere-1.13.0,75ad5bf9-e533-4c8a-9a12-180e729e4464,1,2023-02-10T21:49:50.816104100,51.06861326440213,15.923437837754328,0.0,CONTAINER,PACKAGE,"[com.sitewhere.spi, com.sitewhere.rest.model.device, com.sitewhere.rest.model.device.event]",31737;31372;30533,0.0,,0.0,0.0,0.0,4.666666666666667,3.0,5,2.565228344405423E-4,1,6.018493790842003,CIRCLE,3,72,7,1.247219128924647,0.816496580927726,0.0,0,cyclicDep,87263,smell
sitewhere-1.13.0,75ad5bf9-e533-4c8a-9a12-180e729e4464,1,2023-02-10T21:49:50.816104100,14.89477411495427,4.710141143697413,0.0,CONTAINER,PACKAGE,"[com.sitewhere, com.sitewhere.server, com.sitewhere.configuration]",31608;31973;30574,0.0,,0.0,0.0,0.0,2.6666666666666665,3.3333333333333335,4,1.5451849440719673E-5,1,4.710141143697413,CIRCLE,3,10,1,0.4714045207910317,0.9428090415820634,0.0,0,cyclicDep,87306,smell
sitewhere-1.13.0,75ad5bf9-e533-4c8a-9a12-180e729e4464,1,2023-02-10T21:49:50.816104100,24.1444075539443,6.036101888486075,0.0,CONTAINER,PACKAGE,"[com.sitewhere, com.sitewhere.server, com.sitewhere.configuration, com.sitewhere.server.resource]",32103;31608;31973;32062,0.0,,0.0,0.0,0.0,3.0,3.8333333333333335,9,1.2973943400570397E-5,1,6.036101888486075,CIRCLE,4,16,1,0.7071067811865476,1.863389981249825,0.0,0,cyclicDep,87313,smell
sitewhere-1.13.0,75ad5bf9-e533-4c8a-9a12-180e729e4464,1,2023-02-10T21:49:50.816104100,16.602796733438158,9.585629163351161,0.0,CONTAINER,PACKAGE,"[com.sitewhere.configuration, com.sitewhere.server.resource]",32103;31509,0.0,,0.0,0.0,0.0,3.5,6.0,2,5.192326135963739E-6,1,6.778063383345137,TINY,2,6,2,0.5,0.0,0.0,0,cyclicDep,87321,smell
sitewhere-1.13.0,75ad5bf9-e533-4c8a-9a12-180e729e4464,1,2023-02-10T21:49:50.816104100,14.981429042120624,4.993809680706875,0.0,CONTAINER,PACKAGE,"[com.sitewhere.server, com.sitewhere.configuration, com.sitewhere.server.resource]",32103;31608;31506,0.0,,0.0,0.0,0.0,3.3333333333333335,4.666666666666667,5,9.861220493549626E-6,1,4.993809680706875,CIRCLE,3,9,1,0.4714045207910317,1.8856180831641267,0.0,0,cyclicDep,87327,smell
sitewhere-1.13.0,75ad5bf9-e533-4c8a-9a12-180e729e4464,1,2023-02-10T21:49:50.816104100,12.461862106236701,4.710141143697413,0.0,CONTAINER,PACKAGE,"[com.sitewhere, com.sitewhere.server, com.sitewhere.core]",30444;31973;31599,0.0,,0.0,0.0,0.0,2.6666666666666665,3.3333333333333335,4,1.7342527556577956E-5,1,4.710141143697413,CIRCLE,3,7,1,0.4714045207910317,0.9428090415820634,0.0,0,cyclicDep,87334,smell
sitewhere-1.13.0,75ad5bf9-e533-4c8a-9a12-180e729e4464,1,2023-02-10T21:49:50.816104100,18.76129687400691,8.12387985041578,0.0,CONTAINER,PACKAGE,"[com.sitewhere, com.sitewhere.server, com.sitewhere.core, com.sitewhere.security]",32034;30444;31973;30524,0.0,,0.0,0.0,0.0,2.75,3.0,7,1.4452527615798697E-5,1,4.690324218501727,CIRCLE,4,16,3,0.4330127018922193,1.0,0.0,0,cyclicDep,87341,smell
sitewhere-1.13.0,75ad5bf9-e533-4c8a-9a12-180e729e4464,1,2023-02-10T21:49:50.816104100,43.98069692151657,9.73748996753063,0.0,CONTAINER,PACKAGE,"[com.sitewhere.groovy.device, com.sitewhere.device.communication, com.sitewhere, com.sitewhere.server]",31316;31474;31973;31081,0.0,,0.0,0.0,0.0,3.25,2.1666666666666665,7,1.5008113399420614E-5,1,4.3547378995241415,CIRCLE,4,102,5,0.82915619758885,1.0671873729054748,0.0,0,cyclicDep,87361,smell
sitewhere-1.13.0,75ad5bf9-e533-4c8a-9a12-180e729e4464,1,2023-02-10T21:49:50.816104100,10.540214758474324,3.983826716590827,0.0,CONTAINER,PACKAGE,"[com.sitewhere.device.communication, com.sitewhere.device.event]",31858;30971,0.0,,0.0,0.0,0.0,4.0,1.0,2,1.0244420627214133E-5,1,3.983826716590827,TINY,2,7,1,0.0,0.0,0.0,0,cyclicDep,87369,smell
sitewhere-1.13.0,75ad5bf9-e533-4c8a-9a12-180e729e4464,1,2023-02-10T21:49:50.816104100,16.180792177431712,3.2361584354863426,0.0,CONTAINER,PACKAGE,"[com.sitewhere.groovy.device, com.sitewhere.device.communication, com.sitewhere.server, com.sitewhere.device.event]",31858;31316;31474;30770,0.0,,0.0,0.0,0.0,3.75,2.1666666666666665,7,1.1078737405817443E-5,1,3.2361584354863426,CIRCLE,4,25,1,0.4330127018922193,0.6871842709362768,0.0,0,cyclicDep,87375,smell
sitewhere-1.13.0,75ad5bf9-e533-4c8a-9a12-180e729e4464,1,2023-02-10T21:49:50.816104100,36.922245612321895,8.470544073299957,0.0,CONTAINER,PACKAGE,"[com.sitewhere.groovy.device, com.sitewhere.device.communication, com.sitewhere, com.sitewhere.server, com.sitewhere.device.event.processor]",32186;31316;31474;31973;30596,0.0,,0.0,0.0,0.0,3.6,2.4,10,1.386787540968521E-5,1,5.9895791545699195,CIRCLE,5,38,2,1.019803902718557,1.019803902718557,0.0,0,cyclicDep,87383,smell
sitewhere-1.13.0,75ad5bf9-e533-4c8a-9a12-180e729e4464,1,2023-02-10T21:49:50.816104100,14.291703798877734,4.309110828706758,0.0,CONTAINER,PACKAGE,"[com.sitewhere.groovy.device, com.sitewhere.device.communication, com.sitewhere.server, com.sitewhere.device.event.processor]",32186;31316;31474;31854,0.0,,0.0,0.0,0.0,4.0,2.6666666666666665,6,1.1756816231698335E-5,1,4.309110828706758,CIRCLE,4,11,1,0.7071067811865476,0.7453559924999299,0.0,0,cyclicDep,87392,smell
sitewhere-1.13.0,75ad5bf9-e533-4c8a-9a12-180e729e4464,1,2023-02-10T21:49:50.816104100,14.91808962593447,3.110636717202652,0.0,CONTAINER,PACKAGE,"[com.sitewhere.groovy.device, com.sitewhere.device.communication, com.sitewhere.server]",31316;31474;30501,0.0,,0.0,0.0,0.0,3.6666666666666665,2.3333333333333335,4,1.2573447158683245E-5,1,3.110636717202652,CIRCLE,3,23,1,0.4714045207910317,0.4714045207910317,0.0,0,cyclicDep,87400,smell
sitewhere-1.13.0,75ad5bf9-e533-4c8a-9a12-180e729e4464,1,2023-02-10T21:49:50.816104100,31.681487897564946,7.573324144290195,0.0,CONTAINER,PACKAGE,"[com.sitewhere.groovy.device, com.sitewhere.device.communication, com.sitewhere, com.sitewhere.server, com.sitewhere.server.batch]",32136;31316;31474;31973;31787,0.0,,0.0,0.0,0.0,3.4,2.7,10,1.2928025544266825E-5,1,5.355148858551404,CIRCLE,5,35,2,0.8,1.4177446878757827,0.0,0,cyclicDep,87407,smell
sitewhere-1.13.0,75ad5bf9-e533-4c8a-9a12-180e729e4464,1,2023-02-10T21:49:50.816104100,11.615563082022213,4.390270179001961,0.0,CONTAINER,PACKAGE,"[com.sitewhere.groovy.device, com.sitewhere.device.communication, com.sitewhere.server, com.sitewhere.server.batch]",32136;31316;31474;31878,0.0,,0.0,0.0,0.0,3.75,3.1666666666666665,6,1.058200389992535E-5,1,4.390270179001961,CIRCLE,4,7,1,0.4330127018922193,1.3437096247164249,0.0,0,cyclicDep,87416,smell
sitewhere-1.13.0,75ad5bf9-e533-4c8a-9a12-180e729e4464,1,2023-02-10T21:49:50.816104100,37.3837220179507,8.652650312132112,0.0,CONTAINER,PACKAGE,"[com.sitewhere.groovy.device, com.sitewhere, com.sitewhere.groovy.device.communication, com.sitewhere.server]",31857;31474;31973;31045,0.0,,0.0,0.0,0.0,3.5,2.0,7,1.3195995358756917E-5,1,4.995609986913174,CIRCLE,4,56,3,1.118033988749895,1.2909944487358056,0.0,0,cyclicDep,87424,smell
sitewhere-1.13.0,75ad5bf9-e533-4c8a-9a12-180e729e4464,1,2023-02-10T21:49:50.816104100,19.80419759153775,4.667894137644879,0.0,CONTAINER,PACKAGE,"[com.sitewhere.groovy.device, com.sitewhere.groovy.device.communication, com.sitewhere.server]",31857;31474;31265,0.0,,0.0,0.0,0.0,4.0,1.6666666666666667,4,1.015728977113165E-5,1,4.667894137644879,CIRCLE,3,18,1,0.816496580927726,1.247219128924647,0.0,0,cyclicDep,87432,smell
sitewhere-1.13.0,75ad5bf9-e533-4c8a-9a12-180e729e4464,1,2023-02-10T21:49:50.816104100,22.0925202513911,4.710141143697413,0.0,CONTAINER,PACKAGE,"[com.sitewhere, com.sitewhere.server, com.sitewhere.hazelcast]",30783;31973;31697,0.0,,0.0,0.0,0.0,2.6666666666666665,3.3333333333333335,4,1.540123273650448E-5,1,4.710141143697413,CIRCLE,3,22,1,0.4714045207910317,0.9428090415820634,0.0,0,cyclicDep,87451,smell
sitewhere-1.13.0,75ad5bf9-e533-4c8a-9a12-180e729e4464,1,2023-02-10T21:49:50.816104100,19.976373286146185,5.540449090846858,0.0,CONTAINER,PACKAGE,"[com.sitewhere, com.sitewhere.device.marshaling, com.sitewhere.server, com.sitewhere.hazelcast]",32128;30783;31973;30867,0.0,,0.0,0.0,0.0,3.0,2.6666666666666665,6,1.2875882792771145E-5,1,3.917689122956655,CIRCLE,4,26,2,0.7071067811865476,0.9428090415820634,0.0,0,cyclicDep,87458,smell
sitewhere-1.13.0,75ad5bf9-e533-4c8a-9a12-180e729e4464,1,2023-02-10T21:49:50.816104100,10.809028488947977,10.809028488947977,0.0,CONTAINER,PACKAGE,"[com.sitewhere.server.asset.datastore, com.sitewhere.server.asset]",31695;31444,0.0,,0.0,0.0,0.0,4.5,0.0,2,5.7418199017827464E-6,1,5.404514244473988,TINY,2,4,4,0.5,0.0,0.0,0,cyclicDep,87466,smell
sitewhere-1.13.0,75ad5bf9-e533-4c8a-9a12-180e729e4464,1,2023-02-10T21:49:50.816104100,23.3712649319056,6.482022621879927,0.0,CONTAINER,PACKAGE,"[com.sitewhere, com.sitewhere.server, com.sitewhere.server.scheduling]",31763;31973;30740,0.0,,0.0,0.0,0.0,3.0,4.0,5,1.536079724726608E-5,1,6.482022621879927,CIRCLE,3,13,1,0.816496580927726,1.632993161855452,0.0,0,cyclicDep,87472,smell
sitewhere-1.13.0,75ad5bf9-e533-4c8a-9a12-180e729e4464,1,2023-02-10T21:49:50.816104100,28.892098288027807,6.460469578463547,0.0,CONTAINER,PACKAGE,"[com.sitewhere.server.scheduling.jobs, com.sitewhere, com.sitewhere.server, com.sitewhere.server.scheduling]",31021;31763;31973;31538,0.0,,0.0,0.0,0.0,3.5,4.333333333333333,8,1.259540500897673E-5,1,6.460469578463547,CIRCLE,4,20,1,1.118033988749895,2.1343747458109497,0.0,0,cyclicDep,87485,smell
sitewhere-1.13.0,75ad5bf9-e533-4c8a-9a12-180e729e4464,1,2023-02-10T21:49:50.816104100,21.458632616344737,6.194573658743959,0.0,CONTAINER,PACKAGE,"[com.sitewhere.server.scheduling.jobs, com.sitewhere, com.sitewhere.server, com.sitewhere.server.scheduling, com.sitewhere.device.batch]",31345;31021;31763;31973;32076,0.0,,0.0,0.0,0.0,3.6,3.7,10,1.097730991418826E-5,1,6.194573658743959,CIRCLE,5,12,1,1.019803902718557,1.9000000000000001,0.0,0,cyclicDep,87493,smell
sitewhere-1.13.0,75ad5bf9-e533-4c8a-9a12-180e729e4464,1,2023-02-10T21:49:50.816104100,22.213157208795316,7.206899860423637,0.0,CONTAINER,PACKAGE,"[com.sitewhere.device.group, com.sitewhere.server.scheduling.jobs, com.sitewhere, com.sitewhere.server, com.sitewhere.server.scheduling, com.sitewhere.device.batch]",32020;31345;31021;31763;31973;31868,0.0,,0.0,0.0,0.0,3.6666666666666665,3.2666666666666666,12,9.911644992751204E-6,1,5.096047762637936,CIRCLE,6,19,2,0.9428090415820634,1.7688665548562132,0.0,0,cyclicDep,87502,smell
sitewhere-1.13.0,75ad5bf9-e533-4c8a-9a12-180e729e4464,1,2023-02-10T21:49:50.816104100,16.180482603828803,6.605654361893384,0.0,CONTAINER,PACKAGE,"[com.sitewhere.server.scheduling.jobs, com.sitewhere.server, com.sitewhere.server.scheduling]",31021;31763;31722,0.0,,0.0,0.0,0.0,4.0,6.0,4,9.356502638091401E-6,1,6.605654361893384,CIRCLE,3,6,1,0.816496580927726,1.632993161855452,0.0,0,cyclicDep,87512,smell
sitewhere-1.13.0,75ad5bf9-e533-4c8a-9a12-180e729e4464,1,2023-02-10T21:49:50.816104100,42.00830781361767,6.482022621879927,0.0,CONTAINER,PACKAGE,"[com.sitewhere, com.sitewhere.server, com.sitewhere.server.tenant]",31076;31973;30492,0.0,,0.0,0.0,0.0,3.0,4.0,5,1.5359316378699812E-5,1,6.482022621879927,CIRCLE,3,42,1,0.816496580927726,1.632993161855452,0.0,0,cyclicDep,87519,smell
sitewhere-1.13.0,75ad5bf9-e533-4c8a-9a12-180e729e4464,1,2023-02-10T21:49:50.816104100,29.272421639924204,5.257482129693688,0.0,CONTAINER,PACKAGE,"[com.sitewhere.server.user, com.sitewhere.server, com.sitewhere.server.tenant]",30673;31076;31711,0.0,,0.0,0.0,0.0,3.6666666666666665,4.333333333333333,4,9.394714555426153E-6,1,5.257482129693688,CIRCLE,3,31,1,0.4714045207910317,2.357022603955158,0.0,0,cyclicDep,87532,smell
sitewhere-1.13.0,75ad5bf9-e533-4c8a-9a12-180e729e4464,1,2023-02-10T21:49:50.816104100,27.11923449459989,9.528727711460105,0.0,CONTAINER,PACKAGE,"[com.sitewhere.hbase.asset, com.sitewhere.hbase.common, com.sitewhere.hbase]",31298;30844;30604,0.0,,0.0,0.0,0.0,3.6666666666666665,1.0,5,6.4656150894628285E-6,1,3.0132482771777656,CIRCLE,3,81,10,0.4714045207910317,0.816496580927726,0.0,0,cyclicDep,87545,smell
sitewhere-1.13.0,75ad5bf9-e533-4c8a-9a12-180e729e4464,1,2023-02-10T21:49:50.816104100,29.34568809877231,12.442546868810608,0.0,CONTAINER,PACKAGE,"[com.sitewhere.hbase.asset, com.sitewhere.hbase.uid, com.sitewhere.hbase]",31516;30844;31665,0.0,,0.0,0.0,0.0,3.6666666666666665,2.0,4,5.85531806547974E-6,1,3.110636717202652,CIRCLE,3,89,16,0.4714045207910317,0.0,0.0,0,cyclicDep,87552,smell
sitewhere-1.13.0,75ad5bf9-e533-4c8a-9a12-180e729e4464,1,2023-02-10T21:49:50.816104100,31.51346257453402,31.51346257453402,0.0,CONTAINER,PACKAGE,"[com.sitewhere.web.mvc, com.sitewhere.web.mvc.controllers]",32199;31482,0.0,,0.0,0.0,0.0,4.5,0.0,2,4.488035622991805E-6,1,5.404514244473988,TINY,2,34,34,0.5,0.0,0.0,0,cyclicDep,87601,smell
sitewhere-1.13.0,75ad5bf9-e533-4c8a-9a12-180e729e4464,1,2023-02-10T21:49:50.816104100,76.81257964801009,76.81257964801009,0.0,CONTAINER,PACKAGE,"[com.sitewhere.web.rest.controllers, com.sitewhere.web.rest]",32053;30834,0.0,,0.0,0.0,0.0,4.5,0.0,2,4.332168000666276E-6,1,5.404514244473988,TINY,2,202,202,0.5,0.0,0.0,0,cyclicDep,87607,smell
sitewhere-1.13.0,75ad5bf9-e533-4c8a-9a12-180e729e4464,1,2023-02-10T21:49:50.816104100,7.449169318531384,7.449169318531384,0.0,UNIT,INTERFACE,"[com.sitewhere.spi.device.communication.IDeviceCommunication, com.sitewhere.spi.device.communication.ICommandProcessingStrategy]",11944;12073,0.0,,0.0,0.0,0.0,5.0,2.0,2,3.2689164167094995E-7,1,4.300779911293196,TINY,2,3,3,0.0,0.0,0.0,0,cyclicDep,87613,smell
sitewhere-1.13.0,75ad5bf9-e533-4c8a-9a12-180e729e4464,1,2023-02-10T21:49:50.816104100,8.353913049853402,8.353913049853402,0.0,UNIT,INTERFACE,"[com.sitewhere.spi.device.communication.IInboundEventReceiver, com.sitewhere.spi.device.communication.IInboundEventSource]",12027;12051,0.0,,0.0,0.0,0.0,5.0,2.0,2,9.324526386020179E-7,1,4.176956524926701,TINY,2,4,4,0.0,0.0,0.0,0,cyclicDep,87619,smell
sitewhere-1.13.0,75ad5bf9-e533-4c8a-9a12-180e729e4464,1,2023-02-10T21:49:50.816104100,9.568289927941853,7.411565508520591,0.0,UNIT,CONCRETE_CLASS,"[com.sitewhere.server.SiteWhereServer, com.sitewhere.server.resource.SiteWhereHomeResourceManager, com.sitewhere.configuration.ResourceManagerGlobalConfigurationResolver]",4652;13489;17341,0.0,,0.0,0.0,0.0,3.3333333333333335,4.666666666666667,4,3.592824360761435E-7,1,4.279069341460909,CIRCLE,3,5,3,0.4714045207910317,1.8856180831641267,0.0,0,cyclicDep,87625,smell
sitewhere-1.13.0,75ad5bf9-e533-4c8a-9a12-180e729e4464,1,2023-02-10T21:49:50.816104100,6.682165323345703,4.3745040572058205,0.0,UNIT,CONCRETE_CLASS,"[com.sitewhere.server.TenantBootstrapService, com.sitewhere.server.SiteWhereServer, com.sitewhere.groovy.device.GroovyDeviceModelInitializer, com.sitewhere.server.SiteWhereTenantEngine]",13413;13697;13444;10714,0.0,,0.0,0.0,0.0,3.25,1.0,4,2.972909184021035E-7,1,2.5256210949988906,CIRCLE,4,7,3,0.4330127018922193,1.0,0.0,0,cyclicDep,87644,smell
sitewhere-1.13.0,75ad5bf9-e533-4c8a-9a12-180e729e4464,1,2023-02-10T21:49:50.816104100,6.682165323345703,4.3745040572058205,0.0,UNIT,CONCRETE_CLASS,"[com.sitewhere.server.TenantBootstrapService, com.sitewhere.server.SiteWhereServer, com.sitewhere.server.SiteWhereTenantEngine, com.sitewhere.groovy.scheduling.GroovyScheduleModelInitializer]",13410;13697;13444;15381,0.0,,0.0,0.0,0.0,3.25,1.0,4,2.972909184021035E-7,1,2.5256210949988906,CIRCLE,4,7,3,0.4330127018922193,1.0,0.0,0,cyclicDep,87652,smell
sitewhere-1.13.0,75ad5bf9-e533-4c8a-9a12-180e729e4464,1,2023-02-10T21:49:50.816104100,15.381832978457854,13.000021587267065,0.0,UNIT,CONCRETE_CLASS,"[com.sitewhere.server.scheduling.QuartzScheduleManager, com.sitewhere.server.SiteWhereServer, com.sitewhere.server.scheduling.jobs.BatchCommandInvocationJob, com.sitewhere.server.SiteWhereTenantEngine, com.sitewhere.server.scheduling.jobs.QuartzBuilder]",11353;11583;13720;13444;11311,0.0,,0.0,0.0,0.0,4.0,4.4,5,2.8397316177856267E-7,1,5.8137863956187745,CIRCLE,5,7,5,0.8944271909999159,2.65329983228432,0.0,0,cyclicDep,87660,smell
sitewhere-1.13.0,75ad5bf9-e533-4c8a-9a12-180e729e4464,1,2023-02-10T21:49:50.816104100,11.274309856021386,11.274309856021386,0.0,UNIT,CONCRETE_CLASS,"[com.sitewhere.assetmodule.magento.ws.CatalogCategoryEntity, com.sitewhere.assetmodule.magento.ws.ArrayOfCatalogCategoryEntities]",22463;23639,0.0,,0.0,0.0,0.0,5.0,0.0,2,2.261851033462185E-6,1,3.7581032853404617,TINY,2,9,9,0.0,0.0,0.0,0,cyclicDep,87669,smell
sitewhere-1.13.0,75ad5bf9-e533-4c8a-9a12-180e729e4464,1,2023-02-10T21:49:50.816104100,9.86467157132961,9.86467157132961,0.0,UNIT,CONCRETE_CLASS,"[com.sitewhere.device.marshaling.DeviceMarshalHelper, com.sitewhere.device.marshaling.DeviceAssignmentMarshalHelper]",15160;15126,0.0,,0.0,0.0,0.0,4.0,2.0,2,3.145862978150388E-7,1,4.027235304982783,TINY,2,6,6,0.0,0.0,0.0,0,cyclicDep,87675,smell
sitewhere-1.13.0,75ad5bf9-e533-4c8a-9a12-180e729e4464,1,2023-02-10T21:49:50.816104100,12.113913172685859,12.113913172685859,0.0,UNIT,CONCRETE_CLASS,"[com.sitewhere.gnuhealth.GnuHealthConfiguration, com.sitewhere.gnuhealth.GnuHealthData]",9997;9986,0.0,,0.0,0.0,0.0,3.0,1.0,2,3.013505263113058E-7,1,2.643472575045505,TINY,2,21,21,0.0,0.0,0.0,0,cyclicDep,87681,smell
sitewhere-1.13.0,75ad5bf9-e533-4c8a-9a12-180e729e4464,1,2023-02-10T21:49:50.816104100,4.859304786319961,2.8055209264562664,0.0,UNIT,IMPLEMENTATION,"[com.sitewhere.hbase.IHBaseContext, com.sitewhere.hbase.uid.UniqueIdCounterMap, com.sitewhere.hbase.asset.IAssetIdManager]",13921;10586;4438,0.0,,0.0,0.0,0.0,3.6666666666666665,2.0,3,1.0844450539773098E-6,1,2.8055209264562664,CIRCLE,3,3,1,0.4714045207910317,0.0,0.0,0,cyclicDep,87687,smell
sitewhere-1.13.0,75ad5bf9-e533-4c8a-9a12-180e729e4464,1,2023-02-10T21:49:50.816104100,11.922611077191844,5.620372761421468,0.0,UNIT,IMPLEMENTATION,"[com.sitewhere.hbase.IHBaseContext, com.sitewhere.hbase.uid.UniqueIdCounterMap, com.sitewhere.hbase.asset.IAssetIdManager, com.sitewhere.hbase.common.HBaseUtils]",4434;13921;10586;14627,0.0,,0.0,0.0,0.0,3.75,1.5,5,1.0020041685214023E-6,1,2.810186380710734,CIRCLE,4,18,4,0.4330127018922193,0.7637626158259734,0.0,0,cyclicDep,87694,smell
sitewhere-1.13.0,75ad5bf9-e533-4c8a-9a12-180e729e4464,1,2023-02-10T21:49:50.816104100,12.831872707827804,8.346409935481834,0.0,UNIT,IMPLEMENTATION,"[com.sitewhere.hbase.common.IRowKeyBuilder, com.sitewhere.hbase.IHBaseContext, com.sitewhere.hbase.uid.UniqueIdCounterMap, com.sitewhere.hbase.asset.IAssetIdManager, com.sitewhere.hbase.common.HBaseUtils]",14632;4434;13921;10586;14639,0.0,,0.0,0.0,0.0,3.8,1.4,7,8.621929143240081E-7,1,2.5165372820443332,CIRCLE,5,26,11,0.4,0.8,0.0,0,cyclicDep,87702,smell
sitewhere-1.13.0,75ad5bf9-e533-4c8a-9a12-180e729e4464,1,2023-02-10T21:49:50.816104100,7.334551752282985,3.6672758761414923,0.0,UNIT,ABSTRACTION,"[com.sitewhere.hbase.IHBaseContext, com.sitewhere.hbase.uid.UniqueIdCounterMap, com.sitewhere.hbase.asset.IAssetIdManager, com.sitewhere.hbase.uid.UniqueIdMap]",4433;13921;10586;4420,0.0,,0.0,0.0,0.0,3.75,2.0,5,9.564917116883013E-7,1,2.5931556405014864,CIRCLE,4,8,2,0.4330127018922193,0.0,0.0,0,cyclicDep,87711,smell
sitewhere-1.13.0,75ad5bf9-e533-4c8a-9a12-180e729e4464,1,2023-02-10T21:49:50.816104100,6.2733355038544,4.859304786319961,0.0,UNIT,ABSTRACTION,"[com.sitewhere.hbase.uid.UuidRowKeyMap, com.sitewhere.hbase.device.IDeviceIdManager, com.sitewhere.hbase.IHBaseContext]",3875;10582;4446,0.0,,0.0,0.0,0.0,3.6666666666666665,2.0,3,7.208820669383645E-7,1,2.8055209264562664,CIRCLE,3,5,3,0.4714045207910317,0.0,0.0,0,cyclicDep,87719,smell
sitewhere-1.13.0,75ad5bf9-e533-4c8a-9a12-180e729e4464,1,2023-02-10T21:49:50.816104100,12.735236237188445,12.735236237188445,0.0,UNIT,CONCRETE_CLASS,"[com.sitewhere.hbase.device.HBaseBatchOperation, com.sitewhere.hbase.device.HBaseBatchElement]",3765;3113,0.0,,0.0,0.0,0.0,4.0,2.0,2,2.0813116694572768E-7,1,4.027235304982783,TINY,2,10,10,0.0,0.0,0.0,0,cyclicDep,87726,smell
sitewhere-1.13.0,75ad5bf9-e533-4c8a-9a12-180e729e4464,1,2023-02-10T21:49:50.816104100,17.0861123615232,17.0861123615232,0.0,UNIT,CONCRETE_CLASS,"[com.sitewhere.hbase.device.HBaseDeviceGroup, com.sitewhere.hbase.device.HBaseDeviceGroupElement]",3844;3815,0.0,,0.0,0.0,0.0,4.0,2.0,2,2.1440791513363743E-7,1,4.027235304982783,TINY,2,18,18,0.0,0.0,0.0,0,cyclicDep,87732,smell
sitewhere-1.13.0,75ad5bf9-e533-4c8a-9a12-180e729e4464,1,2023-02-10T21:49:50.816104100,5.6953707871744,5.6953707871744,0.0,UNIT,CONCRETE_CLASS,"[com.sitewhere.hbase.device.HBaseDeviceStreamData, com.sitewhere.hbase.device.HBaseDeviceEvent]",3981;3867,0.0,,0.0,0.0,0.0,4.0,2.0,2,2.0960393923485772E-7,1,4.027235304982783,TINY,2,2,2,0.0,0.0,0.0,0,cyclicDep,87750,smell
sitewhere-1.13.0,75ad5bf9-e533-4c8a-9a12-180e729e4464,1,2023-02-10T21:49:50.816104100,14.02753345389727,7.013766726948635,0.0,UNIT,CONCRETE_CLASS,"[com.sitewhere.mongodb.MongoPersistence, com.sitewhere.mongodb.asset.MongoAssetManagement, com.sitewhere.mongodb.MongoConverters, com.sitewhere.mongodb.asset.MongoAsset]",26110;26095;5412;5192,0.0,,0.0,0.0,0.0,3.5,1.0,5,2.584836936045952E-7,1,3.5068833634743175,CIRCLE,4,16,4,0.5,1.5275252316519468,0.0,0,cyclicDep,87792,smell
sitewhere-1.13.0,75ad5bf9-e533-4c8a-9a12-180e729e4464,1,2023-02-10T21:49:50.816104100,23.961987951850013,10.716126787273518,0.0,UNIT,CONCRETE_CLASS,"[com.sitewhere.mongodb.asset.MongoAssetManagement, com.sitewhere.mongodb.asset.MongoAsset]",26095;26132,0.0,,0.0,0.0,0.0,4.0,4.0,2,2.983900199247824E-7,1,4.792397590370003,TINY,2,25,5,0.0,0.0,0.0,0,cyclicDep,87800,smell
sitewhere-1.13.0,75ad5bf9-e533-4c8a-9a12-180e729e4464,1,2023-02-10T21:49:50.816104100,13.257404115391063,5.928891361439977,0.0,UNIT,CONCRETE_CLASS,"[com.sitewhere.mongodb.asset.MongoAssetManagement, com.sitewhere.mongodb.asset.MongoHardwareAsset, com.sitewhere.mongodb.asset.MongoAsset]",26130;26095;26084,0.0,,0.0,0.0,0.0,4.0,4.0,4,2.675975701655324E-7,1,4.192359286592549,CIRCLE,3,10,2,0.0,0.0,0.0,0,cyclicDep,87806,smell
sitewhere-1.13.0,75ad5bf9-e533-4c8a-9a12-180e729e4464,1,2023-02-10T21:49:50.816104100,13.257404115391063,5.928891361439977,0.0,UNIT,CONCRETE_CLASS,"[com.sitewhere.mongodb.asset.MongoAssetManagement, com.sitewhere.mongodb.asset.MongoLocationAsset, com.sitewhere.mongodb.asset.MongoAsset]",26120;26095;26154,0.0,,0.0,0.0,0.0,4.0,4.0,4,2.675975701655324E-7,1,4.192359286592549,CIRCLE,3,10,2,0.0,0.0,0.0,0,cyclicDep,87813,smell
sitewhere-1.13.0,75ad5bf9-e533-4c8a-9a12-180e729e4464,1,2023-02-10T21:49:50.816104100,13.257404115391063,5.928891361439977,0.0,UNIT,CONCRETE_CLASS,"[com.sitewhere.mongodb.asset.MongoAssetManagement, com.sitewhere.mongodb.asset.MongoPersonAsset, com.sitewhere.mongodb.asset.MongoAsset]",26113;26095;26145,0.0,,0.0,0.0,0.0,4.0,4.0,4,2.675975701655324E-7,1,4.192359286592549,CIRCLE,3,10,2,0.0,0.0,0.0,0,cyclicDep,87820,smell
sitewhere-1.13.0,75ad5bf9-e533-4c8a-9a12-180e729e4464,1,2023-02-10T21:49:50.816104100,7.763853343413913,7.763853343413913,0.0,UNIT,CONCRETE_CLASS,"[com.sitewhere.web.rest.documentation.MockDeviceMarshalHelper, com.sitewhere.web.rest.documentation.MockDeviceAssignmentMarshalHelper]",16847;16572,0.0,,0.0,0.0,0.0,5.0,0.0,2,2.389673418003315E-7,1,3.8819266717069567,TINY,2,4,4,0.0,0.0,0.0,0,cyclicDep,87827,smell
sitewhere-1.13.0,75ad5bf9-e533-4c8a-9a12-180e729e4464,1,2023-02-10T21:49:50.816104100,3.7581032853404617,3.7581032853404617,0.0,UNIT,CONCRETE_CLASS,"[com.sitewhere.wso2.identity.ws.AX2597UserStoreException, com.sitewhere.wso2.identity.ws.UserStoreException]",25502;26038,0.0,,0.0,0.0,0.0,5.0,0.0,2,2.559005942485208E-6,1,3.7581032853404617,TINY,2,1,1,0.0,0.0,0.0,0,cyclicDep,87833,smell
sitewhere-1.13.0,75ad5bf9-e533-4c8a-9a12-180e729e4464,1,2023-02-10T21:49:50.816104100,3.7581032853404617,3.7581032853404617,0.0,UNIT,CONCRETE_CLASS,"[com.sitewhere.wso2.identity.ws.AX2604Tenant, com.sitewhere.wso2.identity.ws.Tenant]",25447;25324,0.0,,0.0,0.0,0.0,5.0,0.0,2,9.322671741271554E-7,1,3.7581032853404617,TINY,2,1,1,0.0,0.0,0.0,0,cyclicDep,87839,smell
sitewhere-1.13.0,75ad5bf9-e533-4c8a-9a12-180e729e4464,1,2023-02-10T21:49:50.816104100,31.329732622087548,31.329732622087548,0.0,UNIT,CONCRETE_CLASS,"[com.sitewhere.influx.device.InfluxDbDeviceCommandInvocation, com.sitewhere.influx.device.InfluxDbDeviceCommandResponse, com.sitewhere.influx.device.InfluxDbDeviceLocation, com.sitewhere.influx.device.InfluxDbDeviceStateChange, com.sitewhere.influx.device.InfluxDbDeviceAlert, com.sitewhere.influx.device.InfluxDbDeviceMeasurements, com.sitewhere.influx.device.InfluxDbDeviceEvent]",2228;2298;2314;2286;2324;2318;2326;2242;2321;2323;2328;2264,0.0,,0.0,0.0,0.0,4.0,0.0,12,2.5473332107527945E-7,1,4.892882202555595,STAR,7,41,41,0.0,0.0,0.0,0,cyclicDep,87845,smell
sitewhere-1.13.0,75ad5bf9-e533-4c8a-9a12-180e729e4464,1,2023-02-10T21:49:50.816104100,25.06191978733572,4.736257652509935,0.0,CONTAINER,PACKAGE,"[com.sitewhere.spi.server, com.sitewhere.rest.model, com.sitewhere.spi.search, com.sitewhere.spi.server.tenant]",481;30891;31832;31504;31370;30481;31003,0.0,,0.0,0.0,0.0,4.25,2.6666666666666665,6,5.9275879447674865E-5,1,4.736257652509935,STAR,4,28,1,0.4330127018922193,0.7453559924999298,0.0,0,cyclicDep,87856,smell
sitewhere-1.13.0,75ad5bf9-e533-4c8a-9a12-180e729e4464,1,2023-02-10T21:49:50.816104100,69.60220259299982,12.19029409474899,0.0,CONTAINER,PACKAGE,"[com.sitewhere.groovy.device, com.sitewhere.groovy.asset, com.sitewhere, com.sitewhere.groovy.scheduling, com.sitewhere.server, com.sitewhere.server.tenant, com.sitewhere.server.scheduling, com.sitewhere.device]",13804;31508;5766;30991;31398;31993;30468;31474;30556;31973;31076;31397;31763;31012;13796;30534;31527,0.0,,0.0,0.0,0.0,3.5,2.5357142857142856,18,9.496536100861215E-6,1,5.4516652523146005,STAR,8,163,5,0.7071067811865476,1.4263375391225614,0.0,0,cyclicDep,87864,smell
sitewhere-1.13.0,75ad5bf9-e533-4c8a-9a12-180e729e4464,1,2023-02-10T21:49:50.816104100,71.87535867787315,69.6020425368526,0.0,CONTAINER,PACKAGE,"[com.sitewhere.mongodb.device, com.sitewhere.mongodb, com.sitewhere.mongodb.asset, com.sitewhere.mongodb.tenant, com.sitewhere.mongodb.scheduling]",31171;31066;5566;30837;5558;5582;30576;30940;31831;31469;31310;5574,0.0,,0.0,0.0,0.0,3.8,3.0,8,4.711089778002056E-6,1,4.483461691114609,STAR,5,257,241,0.4,1.3416407864998738,0.0,0,cyclicDep,87876,smell
sitewhere-1.13.0,75ad5bf9-e533-4c8a-9a12-180e729e4464,1,2023-02-10T21:49:50.816104100,107.5890531800569,32.93769049361168,0.0,CONTAINER,PACKAGE,"[com.sitewhere.hbase.device, com.sitewhere.hbase.asset, com.sitewhere.hbase.scheduling, com.sitewhere.hbase, com.sitewhere.hbase.user]",30844;30786;32109;10600;10620;10636;10628;30863;30573;31472;30514;31196,0.0,,0.0,0.0,0.0,3.8,2.0,8,5.217460668697297E-6,1,3.1123192073897434,STAR,5,1195,112,0.39999999999999997,0.0,0.0,0,cyclicDep,87885,smell
sitewhere-1.13.0,75ad5bf9-e533-4c8a-9a12-180e729e4464,1,2023-02-10T21:49:50.816104100,116.33566058981772,21.492109771233405,0.0,CONTAINER,PACKAGE,"[com.sitewhere.spi, com.sitewhere.rest.model.device.request, com.sitewhere.rest.model.common, com.sitewhere.rest, com.sitewhere.rest.model.device, com.sitewhere.rest.model.device.group, com.sitewhere.rest.model.search, com.sitewhere.rest.model.device.batch, com.sitewhere.rest.model.device.streaming]",31814;31371;30565;30499;30597;31372;31439;31167;31217;30706;31989;30450;32161;30668;31152;31019,0.0,,0.0,0.0,0.0,5.0,2.5833333333333335,26,1.177017117424741E-4,1,6.796401859945793,STAR,9,293,10,1.1547005383792515,0.8620067027323834,0.0,0,cyclicDep,87894,smell
sitewhere-1.13.0,75ad5bf9-e533-4c8a-9a12-180e729e4464,1,2023-02-10T21:49:50.816104100,12.109213449367799,12.109213449367799,0.0,UNIT,CONCRETE_CLASS,"[com.sitewhere.rest.model.device.Site, com.sitewhere.rest.model.device.DeviceAssignment, com.sitewhere.rest.model.device.Device]",15616;15565;15648;15620;15567,0.0,,0.0,0.0,0.0,5.0,0.0,5,5.34857737344127E-7,1,2.77804409008199,CHAIN,3,19,19,0.0,0.0,0.0,0,cyclicDep,87907,smell
sitewhere-1.13.0,75ad5bf9-e533-4c8a-9a12-180e729e4464,1,2023-02-10T21:49:50.816104100,9.714521354374556,9.714521354374556,0.0,UNIT,CONCRETE_CLASS,"[com.sitewhere.hbase.device.HBaseDevice, com.sitewhere.hbase.device.HBaseDeviceAssignment, com.sitewhere.hbase.device.HBaseSite]",3892;3245;4023;3911,0.0,,0.0,0.0,0.0,4.0,2.0,4,2.1704988566802083E-7,1,3.0720013858167325,CHAIN,3,10,10,0.0,0.0,0.0,0,cyclicDep,87914,smell
sitewhere-1.13.0,75ad5bf9-e533-4c8a-9a12-180e729e4464,1,2023-02-10T21:49:50.816104100,25.915079625647945,4.65448570321242,0.0,CONTAINER,PACKAGE,"[com.sitewhere.spi.device.request, com.sitewhere.spi.device, com.sitewhere.spi.search.device]",30502;30945;31073;30787,0.0,,0.0,0.0,0.0,4.666666666666667,3.3333333333333335,4,8.33183807962221E-5,1,4.65448570321242,CHAIN,3,31,1,0.4714045207910317,0.9428090415820634,0.0,0,cyclicDep,87921,smell
sitewhere-1.13.0,75ad5bf9-e533-4c8a-9a12-180e729e4464,1,2023-02-10T21:49:50.816104100,18.275549791134146,4.086537165915804,0.0,CONTAINER,PACKAGE,"[com.sitewhere.spi.device.event, com.sitewhere.spi.device.command, com.sitewhere.spi.device.communication]",31988;31790;31224;31727;30747,0.0,,0.0,0.0,0.0,5.0,2.0,5,1.0044302207102318E-4,1,4.086537165915804,CHAIN,3,20,1,0.0,0.0,0.0,0,cyclicDep,87928,smell
sitewhere-1.13.0,75ad5bf9-e533-4c8a-9a12-180e729e4464,1,2023-02-10T21:49:50.816104100,761.129382109724,761.129382109724,0.0,CONTAINER,PACKAGE,[com.sitewhere.hbase.encoder],,0.0,com.sitewhere.hbase.encoder,0.0,0.0,3856.1666666666665,4.0,0.0,11,6.305893204514633E-6,1,5.7329955487140865,,6,17626,17626,0.0,0.0,0.0,0,godComponent,87935,smell
sitewhere-1.13.0,75ad5bf9-e533-4c8a-9a12-180e729e4464,1,2023-02-10T21:49:50.816104100,1005.734426822762,1005.734426822762,0.0,CONTAINER,PACKAGE,[com.sitewhere.assetmodule.magento.ws],,0.0,com.sitewhere.assetmodule.magento.ws,0.0,0.0,54.851931330472105,5.0,0.0,1303,4.541707670225944E-6,1,6.407901804879685,,466,24634,24634,0.0,0.0,0.0,0,godComponent,87942,smell
sitewhere-1.13.0,75ad5bf9-e533-4c8a-9a12-180e729e4464,1,2023-02-10T21:49:50.816104100,250.62627825357265,250.62627825357265,0.0,CONTAINER,PACKAGE,[com.sitewhere.device.communication.protobuf.proto],,0.0,com.sitewhere.device.communication.protobuf.proto,0.0,0.0,9071.0,6.0,0.0,0,4.35116782234562E-6,1,4.521848412990445,,1,3072,3072,0.0,0.0,0.0,0,godComponent,87949,smell
sitewhere-1.13.0,75ad5bf9-e533-4c8a-9a12-180e729e4464,1,2023-02-10T21:49:50.816104100,109.16080782374844,107.06539590500195,0.0,UNIT,INTERFACE,"[com.sitewhere.device.communication.mqtt.MqttOutboundEventProcessor, com.sitewhere.spi.device.command.IDeviceCommand, com.sitewhere.spi.SiteWhereException, com.sitewhere.spi.search.device.IDeviceSearchCriteria, com.sitewhere.spi.device.IDeviceAssignmentState, com.sitewhere.device.communication.RegistrationManager, com.sitewhere.device.marshaling.CommandHtmlHelper, com.sitewhere.device.marshaling.DeviceAssignmentMarshalHelper, com.sitewhere.spi.device.IDeviceStatus, com.sitewhere.spi.search.device.IAssignmentsForAssetSearchCriteria, com.sitewhere.spi.device.group.IDeviceGroup, com.sitewhere.device.event.processor.FilteredOutboundEventProcessor, com.sitewhere.spi.search.device.IAssignmentSearchCriteria, com.sitewhere.spi.device.group.IDeviceGroupElement, com.sitewhere.server.SiteWhereTenantEngine, com.sitewhere.device.communication.DefaultCommandProcessingStrategy, com.sitewhere.device.batch.BatchUtils, com.sitewhere.spi.server.tenant.ISiteWhereTenantEngine, com.sitewhere.core.SiteWherePersistence, com.sitewhere.spi.server.ISiteWhereServer, com.sitewhere.rabbitmq.RabbitMqOutboundEventProcessor, com.sitewhere.server.SiteWhereServerDecorator, com.sitewhere.spi.device.request.IDeviceCommandCreateRequest, com.sitewhere.spi.device.request.IBatchOperationCreateRequest, com.sitewhere.spi.device.ISite, com.sitewhere.spi.device.request.IDeviceStatusCreateRequest, com.sitewhere.device.marshaling.SiteMarshalHelper, com.sitewhere.spi.device.IDevice, com.sitewhere.spi.device.request.IBatchElementUpdateRequest, com.sitewhere.device.event.processor.DefaultEventStorageProcessor, com.sitewhere.server.scheduling.ScheduledJobMarshalHelper, com.sitewhere.spi.device.IDeviceElementMapping, com.sitewhere.spi.search.ISearchCriteria, com.sitewhere.influx.InfluxDbDeviceEventManagement, com.sitewhere.spi.device.request.IBatchOperationUpdateRequest, com.sitewhere.device.DeviceManagementTriggers, com.sitewhere.spi.device.IDeviceSpecification, com.sitewhere.spi.device.event.request.IDeviceStreamCreateRequest, com.sitewhere.web.rest.documentation.MockDeviceAssignmentMarshalHelper, com.sitewhere.spi.search.device.IBatchElementSearchCriteria, com.sitewhere.spi.device.request.IDeviceAssignmentCreateRequest, com.sitewhere.spi.device.IDeviceAssignment, com.sitewhere.spi.device.IZone, com.sitewhere.device.DeviceManagementDecorator, com.sitewhere.spi.common.IMetadataProvider, com.sitewhere.device.communication.decoder.composite.BinaryCompositeDeviceEventDecoder, com.sitewhere.web.rest.documentation.MockDeviceMarshalHelper, com.sitewhere.web.rest.controllers.DeviceGroupsController, com.sitewhere.device.marshaling.DeviceCommandInvocationMarshalHelper, com.sitewhere.web.mvc.controllers.AdminInterfaceController, com.sitewhere.mongodb.device.MongoDeviceEventManagement, com.sitewhere.spi.device.request.IDeviceSpecificationCreateRequest, com.sitewhere.spi.device.request.IDeviceGroupElementCreateRequest, com.sitewhere.spi.device.request.ISiteCreateRequest, com.sitewhere.spi.server.lifecycle.ITenantLifecycleComponent, com.sitewhere.spi.device.batch.IBatchOperation, com.sitewhere.spi.server.device.IDeviceModelInitializer, com.sitewhere.web.rest.controllers.AssignmentsController, com.sitewhere.server.SiteWhereServer, com.sitewhere.web.rest.documentation.MockDeviceCommandInvocationMarshalHelper, com.sitewhere.siddhi.GroovyStreamProcessor, com.sitewhere.groovy.device.event.processor.multicast.AllWithSpecificationMulticaster, com.sitewhere.device.AssignmentStateManager, com.sitewhere.spi.device.event.IDeviceEventManagement, com.sitewhere.web.rest.controllers.TenantsController, com.sitewhere.spi.device.IDeviceManagement, com.sitewhere.rest.model.device.request.scripting.DeviceManagementRequestBuilder, com.sitewhere.hbase.device.HBaseDeviceEventManagement, com.sitewhere.spi.device.request.IBatchCommandInvocationRequest, com.sitewhere.spi.device.DeviceAssignmentStatus, com.sitewhere.spi.search.ISearchResults, com.sitewhere.device.DeviceEventManagementDecorator, com.sitewhere.spi.device.request.IDeviceCreateRequest, com.sitewhere.mongodb.device.MongoDeviceManagement, com.sitewhere.spi.device.request.IDeviceGroupCreateRequest, com.sitewhere.spi.device.request.IZoneCreateRequest, com.sitewhere.spi.device.streaming.IDeviceStream, com.sitewhere.spi.device.batch.IBatchElement, com.sitewhere.web.rest.controllers.SpecificationsController, com.sitewhere.hbase.device.HBaseDeviceManagement, com.sitewhere.groovy.device.GroovyDeviceModelInitializer, com.sitewhere.spi.search.IDateRangeSearchCriteria, com.sitewhere.device.marshaling.DeviceMarshalHelper, com.sitewhere.server.scheduling.jobs.CommandInvocationJob, com.sitewhere.device.presence.DevicePresenceManager, com.sitewhere.device.DeviceActions, com.sitewhere.rest.model.device.event.request.scripting.DeviceEventRequestBuilder]",,0.0,com.sitewhere.spi.device.IDeviceManagement,0.0,0.0,0.0,4.459770114942529,3.2956428762363004,470,9.329480205900218E-7,1,6.731143769364386,,87,263,253,0.9322398894708789,1.5473476266162478,0.0,0,hubLikeDep,87956,smell
sitewhere-1.13.0,75ad5bf9-e533-4c8a-9a12-180e729e4464,1,2023-02-10T21:49:50.816104100,494.1810097418214,133.0108714454983,1.8333333333333333,CONTAINER,PACKAGE,"[com.sitewhere.spi.device.batch, com.sitewhere.spi, com.sitewhere.spi.device.streaming, com.sitewhere.web.rest, com.sitewhere.server, com.sitewhere.web.rest.documentation, com.sitewhere.cloud, com.sitewhere.rest.model.device.event, com.sitewhere.core, com.sitewhere.hbase, com.sitewhere.spi.device.group, com.sitewhere.spi.device.command, com.sitewhere.device, com.sitewhere.azure, com.sitewhere.spi.device.communication, com.sitewhere.hbase.device, com.sitewhere.spi.device.request, com.sitewhere.web.mvc, com.sitewhere.azure.device, com.sitewhere.influx, com.sitewhere.spring, com.sitewhere.spi.device, com.sitewhere.rest.model, com.sitewhere.server.lifecycle, com.sitewhere.spi.server, com.sitewhere.rest.model.device, com.sitewhere.spi.device.event.state, com.sitewhere.spi.device.event.request, com.sitewhere.rest.model.search, com.sitewhere.web, com.sitewhere.cloud.providers, com.sitewhere.groovy.device, com.sitewhere.spi.device.event, com.sitewhere.rest.model.device.event.request, com.sitewhere.spi.tenant, com.sitewhere.spi.common, com.sitewhere.groovy.device.communication, com.sitewhere.mongodb.device, com.sitewhere.server.scheduling, com.sitewhere.siddhi, com.sitewhere.groovy, com.sitewhere.spi.server.lifecycle, com.sitewhere.spi.search, com.sitewhere.spi.search.device]",,0.8333333333333334,com.sitewhere.device,1.0,0.0,0.0,4.2272727272727275,3.1289640591966172,348,5.7321084494140995E-5,1,8.170792881479805,,44,3658,265,0.9968960090664231,1.446094976681519,0.0,0,hubLikeDep,88048,smell
sitewhere-1.13.0,75ad5bf9-e533-4c8a-9a12-180e729e4464,1,2023-02-10T21:49:50.816104100,47.78048875809391,7.554758609582337,0.0,CONTAINER,PACKAGE,"[com.sitewhere.rest.model.device.event.request, com.sitewhere.rest.model.device.command, com.sitewhere.spi, com.sitewhere.rest.model.device.request, com.sitewhere.rest.model.device, com.sitewhere.rest.model.device.event, com.sitewhere.rest.model.device.batch]",,0.0,com.sitewhere.spi,0.0,0.3432251895724054,0.0,5.571428571428571,2.6666666666666665,18,1.344629034539297E-4,1,7.554758609582337,,7,40,1,1.178030178747903,1.284832148879242,0.3333333333333333,0,unstableDep,88098,smell
sitewhere-1.13.0,75ad5bf9-e533-4c8a-9a12-180e729e4464,1,2023-02-10T21:49:50.816104100,182.8314446251046,33.634424483285216,0.0,CONTAINER,PACKAGE,"[com.sitewhere.hbase.device, com.sitewhere.hbase.asset, com.sitewhere.hbase.encoder, com.sitewhere.server, com.sitewhere.hbase.scheduling, com.sitewhere.hbase, com.sitewhere.rest.model, com.sitewhere.device, com.sitewhere.hbase.user]",,0.0,com.sitewhere.hbase,0.0,0.6855643696106568,0.0,3.6666666666666665,1.9444444444444444,21,8.718028394523085E-6,1,6.040920967817193,,9,916,31,0.4714045207910317,0.2290614236454256,0.4,0,unstableDep,88110,smell
